제목,링크,썸네일,sizeheight,sizewidth
"프로야구 1000만 관중 시대…정말 20, 30대 여성 덕일까 : kini's Sportugese 프로야구 1000만 관중 시대…정말 20, 30대 여성 덕일까",https://blog.kakaocdn.net/dna/bpCkSI/btsJVKGrsHi/AAAAAAAAAAAAAAAAAAAAAL2QzcAhaQmZFamAn1ik48ZKoLHb-la3onjUohoWTs9d/img.jpg?credential=yqXZFxpELC7KVnFOS48ylbz2pIh7yKj8&expires=1782831599&allow_ip=&allow_referer=&signature=VnRD5nN7V9Q%2BvqHxyvnLusS%2FKak%3D,https://search.pstatic.net/sunny/?type=b150&src=https%3A%2F%2Fblog.kakaocdn.net%2Fdna%2FbpCkSI%2FbtsJVKGrsHi%2FAAAAAAAAAAAAAAAAAAAAAL2QzcAhaQmZFamAn1ik48ZKoLHb-la3onjUohoWTs9d%2Fimg.jpg%3Fcredential%3DyqXZFxpELC7KVnFOS48ylbz2pIh7yKj8%26expires%3D1782831599%26allow_ip%3D%26allow_referer%3D%26signature%3DVnRD5nN7V9Q%252BvqHxyvnLusS%252FKak%253D,467,700
2015 프로야구 9월 25일 경기 일정 [인포그래픽],http://imgnews.naver.net/image/5369/2015/09/25/27244_36172_1949_99_20150925162103.png,https://search.pstatic.net/common/?type=b150&src=http%3A%2F%2Fimgnews.naver.net%2Fimage%2F5369%2F2015%2F09%2F25%2F27244_36172_1949_99_20150925162103.png,1140,540
[KBO] 오늘자 8/19 프로야구 경기 결과 및 순위 - 스퀘어 카테고리,https://img.theqoo.net/img/tzhgi.jpg,https://search.pstatic.net/sunny/?type=b150&src=https%3A%2F%2Fimg.theqoo.net%2Fimg%2Ftzhgi.jpg,861,1080
프로야구 본격 개막[스경포토],http://imgnews.naver.net/image/144/2022/04/03/0000803501_001_20220403161101390.jpg,https://search.pstatic.net/common/?type=b150&src=http%3A%2F%2Fimgnews.naver.net%2Fimage%2F144%2F2022%2F04%2F03%2F0000803501_001_20220403161101390.jpg,400,600
"컴투스프로야구V22, V23으로…'타점 배틀' 등 추가",http://imgnews.naver.net/image/5366/2023/01/18/2023011817225607530c5fa75ef8612148544_20230118181203959.jpg,https://search.pstatic.net/common/?type=b150&src=http%3A%2F%2Fimgnews.naver.net%2Fimage%2F5366%2F2023%2F01%2F18%2F2023011817225607530c5fa75ef8612148544_20230118181203959.jpg,516,600
"[사진] 야구인구 100만명, 중국 '2019 프로야구' 시즌 개막",http://imgnews.naver.net/image/5002/2019/08/16/0001292841_001_20190816144001408.jpg,https://search.pstatic.net/common/?type=b150&src=http%3A%2F%2Fimgnews.naver.net%2Fimage%2F5002%2F2019%2F08%2F16%2F0001292841_001_20190816144001408.jpg,453,680
프로야구 관전하는 야구팬,http://imgnews.naver.net/image/001/2023/03/26/PYH2023032604980005400_P4_20230326134710627.jpg,https://search.pstatic.net/common/?type=b150&src=http%3A%2F%2Fimgnews.naver.net%2Fimage%2F001%2F2023%2F03%2F26%2FPYH2023032604980005400_P4_20230326134710627.jpg,693,1024
타이완 프로야구 11년 만에 신생팀 창단,http://imgnews.naver.net/image/055/2019/05/21/0000733021_001_20190521174104862.jpg,https://search.pstatic.net/common/?type=b150&src=http%3A%2F%2Fimgnews.naver.net%2Fimage%2F055%2F2019%2F05%2F21%2F0000733021_001_20190521174104862.jpg,450,800
2013 프로야구 3월20일 개막...9개구단 일정 발표,http://imgnews.naver.net/image/018/2012/11/30/PS12113000018_59_20121130083206.jpg,https://search.pstatic.net/common/?type=b150&src=http%3A%2F%2Fimgnews.naver.net%2Fimage%2F018%2F2012%2F11%2F30%2FPS12113000018_59_20121130083206.jpg,341,540
파워풀 프로야구 2020 올림픽 모드 스샷 모음 올림픽 모드 정보,https://i3.ruliweb.com/img/20/07/07/17328e492432af81.png,https://search.pstatic.net/sunny/?type=b150&src=https%3A%2F%2Fi3.ruliweb.com%2Fimg%2F20%2F07%2F07%2F17328e492432af81.png,507,900
"30(일) '2018 프로야구 일정', LG(7순위) vs 두산(1순위), SK(2순위) vs 삼성(6순위) 등 야구중계",http://imgnews.naver.net/image/5566/2018/09/30/0000003185_001_20180930115824107.png,https://search.pstatic.net/common/?type=b150&src=http%3A%2F%2Fimgnews.naver.net%2Fimage%2F5566%2F2018%2F09%2F30%2F0000003185_001_20180930115824107.png,310,473
"프로야구 두산, 롯데와 난타전 끝에 승리…일요일 17연패 '끝'",http://imgnews.naver.net/image/001/2025/04/06/AKR20250406052200007_01_i_P4_20250406215222280.jpg,https://search.pstatic.net/common/?type=b150&src=http%3A%2F%2Fimgnews.naver.net%2Fimage%2F001%2F2025%2F04%2F06%2FAKR20250406052200007_01_i_P4_20250406215222280.jpg,800,1200
세계가 주목한 KBO ‘프로야구 무관중 개막’,http://mn.kbs.co.kr/data/news/2020/05/05/4439329_40.jpg,https://search.pstatic.net/sunny/?type=b150&src=http%3A%2F%2Fmn.kbs.co.kr%2Fdata%2Fnews%2F2020%2F05%2F05%2F4439329_40.jpg,720,1280
그림의떡 - 컴투스프로야구 마이너 갤러리,https://dcimg1.dcinside.com/viewimage.php?no=24b0d769e1d32ca73fec82fa11d028313f7ca0229f7ff0a914a049d5fe5a9e1d7cf6ccdca1b5a94b41717ea782771168e68e98fe06b505b9cb60ace9425640e3d4aa5aed76077c7f2b53d4754b3c2d54dcd1db128f88b89da804575fe3120d3352f028,https://search.pstatic.net/sunny/?type=b150&src=https%3A%2F%2Fdcimg1.dcinside.com%2Fviewimage.php%3Fno%3D24b0d769e1d32ca73fec82fa11d028313f7ca0229f7ff0a914a049d5fe5a9e1d7cf6ccdca1b5a94b41717ea782771168e68e98fe06b505b9cb60ace9425640e3d4aa5aed76077c7f2b53d4754b3c2d54dcd1db128f88b89da804575fe3120d3352f028,451,850
"LG배 우승자 신진서 9단, 프로야구 시구",http://imgnews.naver.net/image/370/2024/04/07/193835850_0407-l4.jpg,https://search.pstatic.net/common/?type=b150&src=http%3A%2F%2Fimgnews.naver.net%2Fimage%2F370%2F2024%2F04%2F07%2F193835850_0407-l4.jpg,384,610
"2023 프로야구 개막전, 각종 악재에도 11년 만에 전 구장 매진",http://imgnews.naver.net/image/055/2023/04/01/0001047180_001_20230401180908695.jpg,https://search.pstatic.net/common/?type=b150&src=http%3A%2F%2Fimgnews.naver.net%2Fimage%2F055%2F2023%2F04%2F01%2F0001047180_001_20230401180908695.jpg,720,1280
프로야구 최악의 \'먹튀\' 선수는 누구? - 뽐뿌:야구포럼 프로야구 최악의 \'먹튀\' 선수는 누구?,http://nimg.nate.com/etc/bbs/2011/08/29/201108291958542278.jpg,https://search.pstatic.net/sunny/?type=b150&src=http%3A%2F%2Fnimg.nate.com%2Fetc%2Fbbs%2F2011%2F08%2F29%2F201108291958542278.jpg,518,500
프로야구 10개 구단 연고지,https://i.pinimg.com/736x/14/1d/4c/141d4c0bd5baaeaa6b6c5645bf4cac3b.jpg,https://search.pstatic.net/sunny/?type=b150&src=https%3A%2F%2Fi.pinimg.com%2F736x%2F14%2F1d%2F4c%2F141d4c0bd5baaeaa6b6c5645bf4cac3b.jpg,742,736
프로야구 스카우팅 리포트 2012 | 박노준 외 | 알라딘 프로야구 스카우팅 리포트 2012 | 박노준 외,https://image.aladin.co.kr/product/1581/60/letslook/8994655204_t4.jpg,https://search.pstatic.net/sunny/?type=b150&src=https%3A%2F%2Fimage.aladin.co.kr%2Fproduct%2F1581%2F60%2Fletslook%2F8994655204_t4.jpg,783,500
"'컴투스프로야구' 시리즈, KBO 리그 2025 시즌 사전 예약",http://imgnews.naver.net/image/031/2025/02/17/0000909183_001_20250217105107144.jpg,https://search.pstatic.net/common/?type=b150&src=http%3A%2F%2Fimgnews.naver.net%2Fimage%2F031%2F2025%2F02%2F17%2F0000909183_001_20250217105107144.jpg,308,580
한국프로야구98 - 나무위키 한국프로야구98,https://i.namu.wiki/i/2ZZmBk3gHmSE3VTSzd_4aYo-QO5Rh4hCyI_nYqryI8oNp4xAn6ZKkQ67mkyratNUhwQs6nD9cO_NvlEd_DQbuw.webp,https://search.pstatic.net/sunny/?type=b150&src=https%3A%2F%2Fi.namu.wiki%2Fi%2F2ZZmBk3gHmSE3VTSzd_4aYo-QO5Rh4hCyI_nYqryI8oNp4xAn6ZKkQ67mkyratNUhwQs6nD9cO_NvlEd_DQbuw.webp,1000,700
"컴투스 프로야구 시리즈 타이틀 넘버링 변경, ""2026 새 시즌 준비 돌입""",http://imgnews.naver.net/image/5374/2026/01/29/20260129160505_180008_20260129161411601.jpg,https://search.pstatic.net/common/?type=b150&src=http%3A%2F%2Fimgnews.naver.net%2Fimage%2F5374%2F2026%2F01%2F29%2F20260129160505_180008_20260129161411601.jpg,300,600
프로야구 즐기는 팬들[경향포토],http://imgnews.naver.net/image/032/2018/03/25/0002859825_001_20250606200131222.jpg,https://search.pstatic.net/common/?type=b150&src=http%3A%2F%2Fimgnews.naver.net%2Fimage%2F032%2F2018%2F03%2F25%2F0002859825_001_20250606200131222.jpg,319,600
"안방에서 비수 꽃힌 SSG, 키움 상대로 위닝시리즈 가져갈까 [프로야구 27일 경기 일정]",http://imgnews.naver.net/image/5003/2025/04/27/20250427100548_2165752_1000_730_20250427120217015.jpg,https://search.pstatic.net/common/?type=b150&src=http%3A%2F%2Fimgnews.naver.net%2Fimage%2F5003%2F2025%2F04%2F27%2F20250427100548_2165752_1000_730_20250427120217015.jpg,394,540
2025 프로야구 개막,http://imgnews.naver.net/image/030/2025/03/22/0003295654_001_20250322170311517.jpg,https://search.pstatic.net/common/?type=b150&src=http%3A%2F%2Fimgnews.naver.net%2Fimage%2F030%2F2025%2F03%2F22%2F0003295654_001_20250322170311517.jpg,450,700
프로야구 1차지명 D-5 - 고교야구 마이너 갤러리,https://dcimg1.dcinside.com/viewimage.php?no=24b0d769e1d32ca73ceb86fa11d02831eebc6c37c2fa034916facb03222d05e227f200f6c8a5ae2b12176f4326ad960c1754d23b120f8803790fdaa94f962720abf0a563617867fea544b38ab240e45ac84588ae39bfc5b6fc5f5bfce5d7c664f7b71b768128fca1659765673195fc,https://search.pstatic.net/sunny/?type=b150&src=https%3A%2F%2Fdcimg1.dcinside.com%2Fviewimage.php%3Fno%3D24b0d769e1d32ca73ceb86fa11d02831eebc6c37c2fa034916facb03222d05e227f200f6c8a5ae2b12176f4326ad960c1754d23b120f8803790fdaa94f962720abf0a563617867fea544b38ab240e45ac84588ae39bfc5b6fc5f5bfce5d7c664f7b71b768128fca1659765673195fc,540,850
"코원, 나인엠 ‘9M프로야구’와 퍼블리싱 계약 체결",http://imgnews.naver.net/image/5434/2021/03/02/0000037974_004_20210302162450711.png,https://search.pstatic.net/common/?type=b150&src=http%3A%2F%2Fimgnews.naver.net%2Fimage%2F5434%2F2021%2F03%2F02%2F0000037974_004_20210302162450711.png,393,700
아니 리발ㅋㅋ 고골팩에서이게? - 컴투스프로야구 마이너 갤러리,https://dcimg1.dcinside.com/viewimage.php?no=24b0d769e1d32ca73fec86fa11d02831f774ca47ac4dd7dcba669417d3fec45c4576c9d8130144fb6a3533f00af85971f2db01cf37fe9249aacb8557cd3cfaff6a33da0332341f5835618cba0daa479ff0809de11be8dc78095f5347be75246b,https://search.pstatic.net/sunny/?type=b150&src=https%3A%2F%2Fdcimg1.dcinside.com%2Fviewimage.php%3Fno%3D24b0d769e1d32ca73fec86fa11d02831f774ca47ac4dd7dcba669417d3fec45c4576c9d8130144fb6a3533f00af85971f2db01cf37fe9249aacb8557cd3cfaff6a33da0332341f5835618cba0daa479ff0809de11be8dc78095f5347be75246b,478,850
"컴투스, 프로야구 20년 경험 담았다 '프로야구 라이징' 출시...일본 1위 노린다",http://imgnews.naver.net/image/445/2025/03/27/0000281441_003_20250327180013858.jpg,https://search.pstatic.net/common/?type=b150&src=http%3A%2F%2Fimgnews.naver.net%2Fimage%2F445%2F2025%2F03%2F27%2F0000281441_003_20250327180013858.jpg,405,720
9M프로야구 - 나무위키 9M프로야구,https://i.namu.wiki/i/sSFh33n5-fKu9BKJswOzmyECwO6BC51UF35usKcuXOgMw9mPwPYMaUXqYrX5FAmeODVAyB8uuFq2TQT7PstKkQ.webp,https://search.pstatic.net/sunny/?type=b150&src=https%3A%2F%2Fi.namu.wiki%2Fi%2FsSFh33n5-fKu9BKJswOzmyECwO6BC51UF35usKcuXOgMw9mPwPYMaUXqYrX5FAmeODVAyB8uuFq2TQT7PstKkQ.webp,562,1000
'프로야구 KBO리그 전반기 마지막 날',http://imgnews.naver.net/image/421/2016/07/14/2031991_article_99_20160714212410.jpg,https://search.pstatic.net/common/?type=b150&src=http%3A%2F%2Fimgnews.naver.net%2Fimage%2F421%2F2016%2F07%2F14%2F2031991_article_99_20160714212410.jpg,373,560
"KT 위즈, 창단 후 7시즌만에 프로야구 정규시즌 우승",http://imgnews.naver.net/image/5002/2021/10/31/0001934078_003_20211031173001139.jpg,https://search.pstatic.net/common/?type=b150&src=http%3A%2F%2Fimgnews.naver.net%2Fimage%2F5002%2F2021%2F10%2F31%2F0001934078_003_20211031173001139.jpg,587,680
프로야구 경기 시간 확정,http://imgnews.naver.net/image/088/2018/01/23/0000522510_001_20180123001205724.jpg,https://search.pstatic.net/common/?type=b150&src=http%3A%2F%2Fimgnews.naver.net%2Fimage%2F088%2F2018%2F01%2F23%2F0000522510_001_20180123001205724.jpg,273,300
"엔씨소프트, '프로야구 H3'에 KBO 예측 콘텐츠 추가",http://imgnews.naver.net/image/5351/2021/04/21/0000081437_002_20210421113817295.jpg,https://search.pstatic.net/common/?type=b150&src=http%3A%2F%2Fimgnews.naver.net%2Fimage%2F5351%2F2021%2F04%2F21%2F0000081437_002_20210421113817295.jpg,340,650
&apos;2012 팔도 프로야구&apos; 7일 개막,http://imgnews.naver.net/image/5196/2012/04/07/99523_article.jpg,https://search.pstatic.net/common/?type=b150&src=http%3A%2F%2Fimgnews.naver.net%2Fimage%2F5196%2F2012%2F04%2F07%2F99523_article.jpg,556,540
한국프로야구/2007년 - 나무위키,https://i.namu.wiki/i/8UPAl4KvAqndg63uvjt2psLht-TVGH1lGdCh4XkKfMqaeOkSHnN9YDTaP2J5gXlNWRFgqFQXZpxkAF-7Obs-1A.webp,https://search.pstatic.net/sunny/?type=b150&src=https%3A%2F%2Fi.namu.wiki%2Fi%2F8UPAl4KvAqndg63uvjt2psLht-TVGH1lGdCh4XkKfMqaeOkSHnN9YDTaP2J5gXlNWRFgqFQXZpxkAF-7Obs-1A.webp,300,350
"[Oh!덕후] 프로야구 개막 D-10, 모바일 야구 게임 '새단장' 유저몰이 나서",http://imgnews.naver.net/image/109/2019/03/13/0003968429_002_20190313154912590.jpeg,https://search.pstatic.net/common/?type=b150&src=http%3A%2F%2Fimgnews.naver.net%2Fimage%2F109%2F2019%2F03%2F13%2F0003968429_002_20190313154912590.jpeg,390,650
프로야구 15일부터 입장 관중 비율 30∼50%로 확대,http://imgnews.naver.net/image/001/2021/06/11/GYH2021061100150004400_P2_20210611144815712.jpg,https://search.pstatic.net/common/?type=b150&src=http%3A%2F%2Fimgnews.naver.net%2Fimage%2F001%2F2021%2F06%2F11%2FGYH2021061100150004400_P2_20210611144815712.jpg,750,449
"컴투스, '컴투스프로야구2024', 새 시즌 업데이트",http://imgnews.naver.net/image/5521/2024/03/21/0000212583_001_20240321153206612.jpg,https://search.pstatic.net/common/?type=b150&src=http%3A%2F%2Fimgnews.naver.net%2Fimage%2F5521%2F2024%2F03%2F21%2F0000212583_001_20240321153206612.jpg,336,600
"넷마블, 넷마블 프로야구 2022 팬 데이 실시 Page 1:: 보드나라 넷마블, 넷마블 프로야구 2022 팬 데이 실시 Page 1 :: 보드나라",https://file.bodnara.co.kr/logo/insidelogo.php?image=%2Fhttp%3A%2F%2Ffile.bodnara.co.kr%2Fwebedit%2Fnews%2F2015%2F1650617148-22042224.jpg,https://search.pstatic.net/sunny/?type=b150&src=https%3A%2F%2Ffile.bodnara.co.kr%2Flogo%2Finsidelogo.php%3Fimage%3D%252Fhttp%253A%252F%252Ffile.bodnara.co.kr%252Fwebedit%252Fnews%252F2015%252F1650617148-22042224.jpg,400,600
400만 관중 달성한 프로야구 [포토],http://imgnews.naver.net/image/382/2024/06/02/0001129368_001_20240602193611727.jpg,https://search.pstatic.net/common/?type=b150&src=http%3A%2F%2Fimgnews.naver.net%2Fimage%2F382%2F2024%2F06%2F02%2F0001129368_001_20240602193611727.jpg,780,1200
9UP 프로야구: KBO 모바일 야구 매니저 - Google Play 앱,https://play-lh.googleusercontent.com/zIBwwahUp8G7dK8vUijsF4grKVecu9PqFYAQuNkAoDPP8GMpw21USWytzuqpn-aLqNiAY0WJrI353yWP4PQ5ZeA,https://search.pstatic.net/sunny/?type=b150&src=https%3A%2F%2Fplay-lh.googleusercontent.com%2FzIBwwahUp8G7dK8vUijsF4grKVecu9PqFYAQuNkAoDPP8GMpw21USWytzuqpn-aLqNiAY0WJrI353yWP4PQ5ZeA,512,512
"프로야구 권희동 결승타…NC, 일시정지 경기서 롯데 제압",http://imgnews.naver.net/image/096/2014/08/06/200769073_99_20140806183102.jpg,https://search.pstatic.net/common/?type=b150&src=http%3A%2F%2Fimgnews.naver.net%2Fimage%2F096%2F2014%2F08%2F06%2F200769073_99_20140806183102.jpg,265,500
프로야구 10구단 수원-KT 사실상 확정,http://imgnews.naver.net/image/5116/2013/01/14/2013011426388081_59_20130114150707.jpg,https://search.pstatic.net/common/?type=b150&src=http%3A%2F%2Fimgnews.naver.net%2Fimage%2F5116%2F2013%2F01%2F14%2F2013011426388081_59_20130114150707.jpg,456,540
모바일 파워풀 프로야구 KBO’09 발표,http://imgnews.naver.net/image/5053/2009/06/19/20090619180719_17ef8362.jpg,https://search.pstatic.net/common/?type=b150&src=http%3A%2F%2Fimgnews.naver.net%2Fimage%2F5053%2F2009%2F06%2F19%2F20090619180719_17ef8362.jpg,331,530
프로야구 입장 수입도 신기록…1천500억원대 진입 | 연합뉴스,https://img3.yna.co.kr/mpic/YH/2024/09/19/MYH20240919017800641_P4.jpg,https://search.pstatic.net/sunny/?type=b150&src=https%3A%2F%2Fimg3.yna.co.kr%2Fmpic%2FYH%2F2024%2F09%2F19%2FMYH20240919017800641_P4.jpg,675,1200
2023 프로야구 가이드북 | 권인하 | 브레인스토어(BRAINstore) - 예스24,https://image.yes24.com/goods/117726293/XL,https://search.pstatic.net/sunny/?type=b150&src=https%3A%2F%2Fimage.yes24.com%2Fgoods%2F117726293%2FXL,1200,852
프로야구스피리츠/시리즈 일람 - 나무위키 프로야구스피리츠/시리즈 일람,https://i.namu.wiki/i/g3AVTdSfsRI9cOpXvGaj-3Lr9H1Oc-NPVihWPlCrei7yY3KmWb91dyULBeTcF-mL9aYOnpJ8q_Z_JL-1887KHA.webp,https://search.pstatic.net/sunny/?type=b150&src=https%3A%2F%2Fi.namu.wiki%2Fi%2Fg3AVTdSfsRI9cOpXvGaj-3Lr9H1Oc-NPVihWPlCrei7yY3KmWb91dyULBeTcF-mL9aYOnpJ8q_Z_JL-1887KHA.webp,500,398
"2018 프로야구 중계, 기아 3회에만 8점...롯데 '추격'",http://imgnews.naver.net/image/5683/2018/10/09/0000006739_001_20181009170214535.jpg,https://search.pstatic.net/common/?type=b150&src=http%3A%2F%2Fimgnews.naver.net%2Fimage%2F5683%2F2018%2F10%2F09%2F0000006739_001_20181009170214535.jpg,626,1111
프로야구 8월 31일 전적·중간 순위,http://imgnews.naver.net/image/5857/2023/09/01/01_757139_20230901012603006.jpg,https://search.pstatic.net/common/?type=b150&src=http%3A%2F%2Fimgnews.naver.net%2Fimage%2F5857%2F2023%2F09%2F01%2F01_757139_20230901012603006.jpg,506,555
프로야구 4월 20일 이후 개막 연기…4월 7일부터 구단 간 평가전,http://imgnews.naver.net/image/055/2020/03/24/0000802861_001_20200324141207271.jpg,https://search.pstatic.net/common/?type=b150&src=http%3A%2F%2Fimgnews.naver.net%2Fimage%2F055%2F2020%2F03%2F24%2F0000802861_001_20200324141207271.jpg,450,800
"[프로야구] 4일 프로야구 총정리, SSG 정규시즌 우승 확정...프로야구 순위",http://imgnews.naver.net/image/5539/2022/10/04/0000174816_002_20221004223002727.png,https://search.pstatic.net/common/?type=b150&src=http%3A%2F%2Fimgnews.naver.net%2Fimage%2F5539%2F2022%2F10%2F04%2F0000174816_002_20221004223002727.png,348,690
반가운 프로야구 시즌,http://imgnews.naver.net/image/001/2014/03/30/PYH2014033005830001300_P2_59_20140330160404.jpg,https://search.pstatic.net/common/?type=b150&src=http%3A%2F%2Fimgnews.naver.net%2Fimage%2F001%2F2014%2F03%2F30%2FPYH2014033005830001300_P2_59_20140330160404.jpg,295,500
2024 KBO 프로야구 오늘(10일)의 경기 일정,http://imgnews.naver.net/image/5003/2024/04/10/20240409163738_2010654_1200_775_20240410090202728.jpg,https://search.pstatic.net/common/?type=b150&src=http%3A%2F%2Fimgnews.naver.net%2Fimage%2F5003%2F2024%2F04%2F10%2F20240409163738_2010654_1200_775_20240410090202728.jpg,349,540
[출발새아침/카드] D-3 2019 프로야구 관전포인트,http://imgnews.naver.net/image/052/2019/03/21/201903210846397200_img_0_20190321105302065.jpg,https://search.pstatic.net/common/?type=b150&src=http%3A%2F%2Fimgnews.naver.net%2Fimage%2F052%2F2019%2F03%2F21%2F201903210846397200_img_0_20190321105302065.jpg,945,945
현재 프로야구 순위 - 웃긴자료 ‥‥‥‥‥、 - 도탁스 (DOTAX) 현재 프로야구 순위,https://t1.daumcdn.net/cafeattach/mEr9/3d03c528aea5200497564a5645e894c307cff1f7,https://search.pstatic.net/sunny/?type=b150&src=https%3A%2F%2Ft1.daumcdn.net%2Fcafeattach%2FmEr9%2F3d03c528aea5200497564a5645e894c307cff1f7,562,480
메이저리그를 통해 살펴본 프로야구 수입 분배 변천 과정,http://imgnews.naver.net/image/322/2010/02/08/0912201k0001.jpg,https://search.pstatic.net/common/?type=b150&src=http%3A%2F%2Fimgnews.naver.net%2Fimage%2F322%2F2010%2F02%2F08%2F0912201k0001.jpg,335,510
가을밤 프로야구 열기,http://imgnews.naver.net/image/003/2012/10/09/NISI20121009_0007151801_web_59_20121009201818.jpg,https://search.pstatic.net/common/?type=b150&src=http%3A%2F%2Fimgnews.naver.net%2Fimage%2F003%2F2012%2F10%2F09%2FNISI20121009_0007151801_web_59_20121009201818.jpg,332,500
"2024 프로야구, 148경기 만에 관중 200만 명 돌파…역대 두 번째 빠른 속도",http://imgnews.naver.net/image/055/2024/04/27/0001150685_001_20240427222301143.jpg,https://search.pstatic.net/common/?type=b150&src=http%3A%2F%2Fimgnews.naver.net%2Fimage%2F055%2F2024%2F04%2F27%2F0001150685_001_20240427222301143.jpg,720,1280
[사진]'프로야구 355G 관중 400만 돌파',http://imgnews.naver.net/image/109/2010/07/20/201007202112772055_1.jpg,https://search.pstatic.net/common/?type=b150&src=http%3A%2F%2Fimgnews.naver.net%2Fimage%2F109%2F2010%2F07%2F20%2F201007202112772055_1.jpg,320,540
"프로야구 연봉 1억 시대, 그 이면엔…'부익부 빈익빈'",http://imgnews.naver.net/image/437/2014/02/26/201402261043159770_59_20140226224503.jpg,https://search.pstatic.net/common/?type=b150&src=http%3A%2F%2Fimgnews.naver.net%2Fimage%2F437%2F2014%2F02%2F26%2F201402261043159770_59_20140226224503.jpg,304,540
"프로야구, 단일 시즌 관중 신기록 달성",http://imgnews.naver.net/image/001/2025/09/07/PYH2025090709870001300_P4_20250907181516892.jpg,https://search.pstatic.net/common/?type=b150&src=http%3A%2F%2Fimgnews.naver.net%2Fimage%2F001%2F2025%2F09%2F07%2FPYH2025090709870001300_P4_20250907181516892.jpg,800,1200
"[프로야구 순위] KIA, 1위 두산에 8회 대역전극…LG·삼성, 5위 경쟁 치열",http://imgnews.naver.net/image/5002/2018/09/05/0001068758_001_20180905085414923.jpg,https://search.pstatic.net/common/?type=b150&src=http%3A%2F%2Fimgnews.naver.net%2Fimage%2F5002%2F2018%2F09%2F05%2F0001068758_001_20180905085414923.jpg,627,680
"2018 프로야구 순위, 1위는 두산…'8승-2패-0무'",http://imgnews.naver.net/image/5353/2018/04/18/0000329240_001_20180418073627083.jpg,https://search.pstatic.net/common/?type=b150&src=http%3A%2F%2Fimgnews.naver.net%2Fimage%2F5353%2F2018%2F04%2F18%2F0000329240_001_20180418073627083.jpg,919,1000
'기아' 국내 프로야구 좋아하는 팀 1위…올해 우승 예상팀은?,http://imgnews.naver.net/image/5641/2020/05/07/2020050780131_0_20200507142929332.jpg,https://search.pstatic.net/common/?type=b150&src=http%3A%2F%2Fimgnews.naver.net%2Fimage%2F5641%2F2020%2F05%2F07%2F2020050780131_0_20200507142929332.jpg,680,640
"지원군 몰려온 프로야구, 순위 싸움 변수로",http://imgnews.naver.net/image/469/2017/09/01/0000231486_002_20170902044805791.jpg,https://search.pstatic.net/common/?type=b150&src=http%3A%2F%2Fimgnews.naver.net%2Fimage%2F469%2F2017%2F09%2F01%2F0000231486_002_20170902044805791.jpg,474,331
"LGU+, 'U+프로야구' 해외야구팬 위한 메이저리그 서비스 제공",http://imgnews.naver.net/image/5631/2020/07/24/0000014866_001_20200724161046254.jpg,https://search.pstatic.net/common/?type=b150&src=http%3A%2F%2Fimgnews.naver.net%2Fimage%2F5631%2F2020%2F07%2F24%2F0000014866_001_20200724161046254.jpg,579,600
20240627 KBO 프로야구 경기결과 및 순위 - 🚀 이슈늬우스 - 방석 위로 모여라 20240627 KBO 프로야구 경기결과 및 순위,https://t1.daumcdn.net/cafeattach/1Z3WG/0dfba0f79a9dd34b5809fae173072073a742308c,https://search.pstatic.net/sunny/?type=b150&src=https%3A%2F%2Ft1.daumcdn.net%2Fcafeattach%2F1Z3WG%2F0dfba0f79a9dd34b5809fae173072073a742308c,1433,1024
인포그래픽 | 프로야구 팬들이 좋아하는 영화 장르는?,http://imgnews.naver.net/image/5078/2015/03/26/201503261349311_99_20150326143304.jpg,https://search.pstatic.net/common/?type=b150&src=http%3A%2F%2Fimgnews.naver.net%2Fimage%2F5078%2F2015%2F03%2F26%2F201503261349311_99_20150326143304.jpg,780,520
돌아온 프로야구,http://imgnews.naver.net/image/421/2017/04/02/0002647407_001_20170402151618989.jpg,https://search.pstatic.net/common/?type=b150&src=http%3A%2F%2Fimgnews.naver.net%2Fimage%2F421%2F2017%2F04%2F02%2F0002647407_001_20170402151618989.jpg,932,1400
[주간 데이터동향] 프로야구 인기에 야구 앱 이용자도 큰폭 증가,http://imgnews.naver.net/image/5901/2023/05/26/0000000144_003_20230526190203252.jpg,https://search.pstatic.net/common/?type=b150&src=http%3A%2F%2Fimgnews.naver.net%2Fimage%2F5901%2F2023%2F05%2F26%2F0000000144_003_20230526190203252.jpg,465,600
[커버스토리] 관중 500만 시대 (1)프로야구 역대 최다관중 592만 명…2년 연속 500만 돌파,http://imgnews.naver.net/image/322/2009/10/15/0910051ba001.jpg,https://search.pstatic.net/common/?type=b150&src=http%3A%2F%2Fimgnews.naver.net%2Fimage%2F322%2F2009%2F10%2F15%2F0910051ba001.jpg,326,510
2013 프로야구 결산 (1) - 600만 관중시대로 회귀하다,http://imgnews.naver.net/image/5060/2013/11/04/38055_84918_5640_59_20131104110008.jpg,https://search.pstatic.net/common/?type=b150&src=http%3A%2F%2Fimgnews.naver.net%2Fimage%2F5060%2F2013%2F11%2F04%2F38055_84918_5640_59_20131104110008.jpg,284,500
"매달 마지막 수요일, 프로야구·축구 관람료 50% 할인",http://imgnews.naver.net/image/008/2014/02/20/2014022015362551976_1_59_20140220163607.jpg,https://search.pstatic.net/common/?type=b150&src=http%3A%2F%2Fimgnews.naver.net%2Fimage%2F008%2F2014%2F02%2F20%2F2014022015362551976_1_59_20140220163607.jpg,344,540
한국 프로야구에 외신도 '뜨거운 관심',http://imgnews.naver.net/image/001/2020/04/21/PYH2020042108920001300_P4_20200421134116349.jpg,https://search.pstatic.net/common/?type=b150&src=http%3A%2F%2Fimgnews.naver.net%2Fimage%2F001%2F2020%2F04%2F21%2FPYH2020042108920001300_P4_20200421134116349.jpg,660,1024
프로야구 천만 관중 '1982년 출범 후 대기록 달성',http://imgnews.naver.net/image/421/2024/09/15/0007792031_001_20240915163114275.jpg,https://search.pstatic.net/common/?type=b150&src=http%3A%2F%2Fimgnews.naver.net%2Fimage%2F421%2F2024%2F09%2F15%2F0007792031_001_20240915163114275.jpg,817,1400
[그래픽] 한국 프로야구 역대 계약 총액 순위,http://imgnews.naver.net/image/421/2024/02/21/0007365879_001_20240221170615248.jpg,https://search.pstatic.net/common/?type=b150&src=http%3A%2F%2Fimgnews.naver.net%2Fimage%2F421%2F2024%2F02%2F21%2F0007365879_001_20240221170615248.jpg,950,1400
포항서 첫 프로야구…메이저리그 옮겨놓은 듯,http://imgnews.naver.net/image/5207/2012/08/15/M20120815.010010808530001i1_0_20120815091815.jpg,https://search.pstatic.net/common/?type=b150&src=http%3A%2F%2Fimgnews.naver.net%2Fimage%2F5207%2F2012%2F08%2F15%2FM20120815.010010808530001i1_0_20120815091815.jpg,266,400
"엔씨소프트 프로야구 H3, '야9데이' 이벤트 시즌 1 진행",http://imgnews.naver.net/image/5818/2022/12/09/0000107535_001_20221209120203376.jpg,https://search.pstatic.net/common/?type=b150&src=http%3A%2F%2Fimgnews.naver.net%2Fimage%2F5818%2F2022%2F12%2F09%2F0000107535_001_20221209120203376.jpg,528,960
프로야구 스카우팅 리포트 2022 | 최훈 외 | 알라딘 프로야구 스카우팅 리포트 2022 | 최훈 외,https://image.aladin.co.kr/product/29057/73/letslook/K322836357_t5.jpg,https://search.pstatic.net/sunny/?type=b150&src=https%3A%2F%2Fimage.aladin.co.kr%2Fproduct%2F29057%2F73%2Fletslook%2FK322836357_t5.jpg,787,500
"프로야구 구단 순위, NC 기아에 위닝 시리즈… 창단 첫 1위",http://imgnews.naver.net/image/5122/2014/04/04/842784_404810_4954_59_20140404145103.jpg,https://search.pstatic.net/common/?type=b150&src=http%3A%2F%2Fimgnews.naver.net%2Fimage%2F5122%2F2014%2F04%2F04%2F842784_404810_4954_59_20140404145103.jpg,595,500
"[이뉴스PICK] 프로야구 1000만 관중 시대…암표 판매, 막을 방법 없을까",http://imgnews.naver.net/image/5567/2025/05/12/0000092788_001_20250512170611692.jpg,https://search.pstatic.net/common/?type=b150&src=http%3A%2F%2Fimgnews.naver.net%2Fimage%2F5567%2F2025%2F05%2F12%2F0000092788_001_20250512170611692.jpg,400,600
[MD포토] 2022 프로야구 개막!,http://imgnews.naver.net/image/117/2022/04/02/202204021601276069_1_20220402160203243.jpg,https://search.pstatic.net/common/?type=b150&src=http%3A%2F%2Fimgnews.naver.net%2Fimage%2F117%2F2022%2F04%2F02%2F202204021601276069_1_20220402160203243.jpg,300,520
[포토] 프로야구 개막 '봄비 와도 야구 봐야죠~',http://imgnews.naver.net/image/076/2014/03/29/2014032901003142100201271_59_20140329162404.jpg,https://search.pstatic.net/common/?type=b150&src=http%3A%2F%2Fimgnews.naver.net%2Fimage%2F076%2F2014%2F03%2F29%2F2014032901003142100201271_59_20140329162404.jpg,359,540
프로야구 구단부과 사치세 도입 필요하다 [최성근의 인사이트],http://imgnews.naver.net/image/5352/2015/02/16/20150216122455_588954_640_426_99_20150216063102.jpg,https://search.pstatic.net/common/?type=b150&src=http%3A%2F%2Fimgnews.naver.net%2Fimage%2F5352%2F2015%2F02%2F16%2F20150216122455_588954_640_426_99_20150216063102.jpg,359,540
인기 절정 '프로야구' 롯데·두산·삼성 작년 순익 '흑자',http://imgnews.naver.net/image/277/2012/07/19/201207191101045629342A_3.jpg,https://search.pstatic.net/common/?type=b150&src=http%3A%2F%2Fimgnews.naver.net%2Fimage%2F277%2F2012%2F07%2F19%2F201207191101045629342A_3.jpg,484,326
[SW포토]2014 프로야구 매진,http://imgnews.naver.net/image/396/2014/03/30/20140330021529_0_59_20140330160606.jpg,https://search.pstatic.net/common/?type=b150&src=http%3A%2F%2Fimgnews.naver.net%2Fimage%2F396%2F2014%2F03%2F30%2F20140330021529_0_59_20140330160606.jpg,667,500
드디어 개막한 프로야구,http://imgnews.naver.net/image/030/2025/03/22/0003295656_001_20250322170315285.jpg,https://search.pstatic.net/common/?type=b150&src=http%3A%2F%2Fimgnews.naver.net%2Fimage%2F030%2F2025%2F03%2F22%2F0003295656_001_20250322170315285.jpg,427,700
[오늘의 프로야구] 26일 경기 전적,http://imgnews.naver.net/image/410/2016/08/26/20160826_1688223_99_20160826215904.jpg,https://search.pstatic.net/common/?type=b150&src=http%3A%2F%2Fimgnews.naver.net%2Fimage%2F410%2F2016%2F08%2F26%2F20160826_1688223_99_20160826215904.jpg,581,500
개막 2주만에 100만 관중 달성한 프로야구,http://imgnews.naver.net/image/003/2026/04/12/NISI20260412_0021243790_web_20260412144021_20260412144135648.jpg,https://search.pstatic.net/common/?type=b150&src=http%3A%2F%2Fimgnews.naver.net%2Fimage%2F003%2F2026%2F04%2F12%2FNISI20260412_0021243790_web_20260412144021_20260412144135648.jpg,458,720
AI가 오늘 이길 확률 높은 프로야구팀 '미리' 알려준다,http://imgnews.naver.net/image/5242/2020/07/03/2020070203666_1_20200703060223377.jpg,https://search.pstatic.net/common/?type=b150&src=http%3A%2F%2Fimgnews.naver.net%2Fimage%2F5242%2F2020%2F07%2F03%2F2020070203666_1_20200703060223377.jpg,532,400
"[스포츠10대뉴스] ④프로야구, 한국 프로스포츠 첫 1천만 관중 신기원",http://imgnews.naver.net/image/001/2024/12/18/PYH2024102823550005400_P4_20241218070413427.jpg,https://search.pstatic.net/common/?type=b150&src=http%3A%2F%2Fimgnews.naver.net%2Fimage%2F001%2F2024%2F12%2F18%2FPYH2024102823550005400_P4_20241218070413427.jpg,666,1200
프로야구 천만 관중 시대 개막,http://imgnews.naver.net/image/421/2024/09/15/0007792029_001_20240915163109076.jpg,https://search.pstatic.net/common/?type=b150&src=http%3A%2F%2Fimgnews.naver.net%2Fimage%2F421%2F2024%2F09%2F15%2F0007792029_001_20240915163109076.jpg,889,1400
2025 프로야구 시범경기 열린 잠실야구장,http://imgnews.naver.net/image/003/2025/03/13/NISI20250313_0020730891_web_20250313140517_20250313140718772.jpg,https://search.pstatic.net/common/?type=b150&src=http%3A%2F%2Fimgnews.naver.net%2Fimage%2F003%2F2025%2F03%2F13%2FNISI20250313_0020730891_web_20250313140517_20250313140718772.jpg,346,720
한국과 다른 일본 프로야구 열기,http://imgnews.naver.net/image/003/2006/07/21/2006-07-21T224901Z_01_NOOTR_NISIDSP_2_120060721224210113.JPG,https://search.pstatic.net/common/?type=b150&src=http%3A%2F%2Fimgnews.naver.net%2Fimage%2F003%2F2006%2F07%2F21%2F2006-07-21T224901Z_01_NOOTR_NISIDSP_2_120060721224210113.JPG,301,450
실황 파워풀 프로야구 9 - 나무위키 실황 파워풀 프로야구 9,https://i.namu.wiki/i/t0ioOi7MUNf65UUih1cw5CqZMG3nhXHoZYUYklXBFMjBaDu0Z0jTizUfMIcqiP-IpAv37RJAgC4NkJDP2AD63w.webp,https://search.pstatic.net/sunny/?type=b150&src=https%3A%2F%2Fi.namu.wiki%2Fi%2Ft0ioOi7MUNf65UUih1cw5CqZMG3nhXHoZYUYklXBFMjBaDu0Z0jTizUfMIcqiP-IpAv37RJAgC4NkJDP2AD63w.webp,500,350
"2017 프로야구 시범경기, 오늘부터 시작…총 60경기 치뤄",http://imgnews.naver.net/image/123/2017/03/14/1489453391_99_20170314100911.jpg,https://search.pstatic.net/common/?type=b150&src=http%3A%2F%2Fimgnews.naver.net%2Fimage%2F123%2F2017%2F03%2F14%2F1489453391_99_20170314100911.jpg,323,520
프로야구생존기 - 나무위키 프로야구생존기,https://i.namu.wiki/i/nFYAa3x4w_havUGBKlgfFguSVsq1cu3MGdyDNffJCKnUpXp2igmTb-qlP3zhlrDeDFGjrNaHcZpDyEdcwE6Cyg.webp,https://search.pstatic.net/sunny/?type=b150&src=https%3A%2F%2Fi.namu.wiki%2Fi%2FnFYAa3x4w_havUGBKlgfFguSVsq1cu3MGdyDNffJCKnUpXp2igmTb-qlP3zhlrDeDFGjrNaHcZpDyEdcwE6Cyg.webp,402,299
프로야구 인기 심상찮다…시범경기 첫 주말 관중 '13.8만명' 역대 최다,http://imgnews.naver.net/image/008/2025/03/09/0005163178_001_20250309195511973.jpg,https://search.pstatic.net/common/?type=b150&src=http%3A%2F%2Fimgnews.naver.net%2Fimage%2F008%2F2025%2F03%2F09%2F0005163178_001_20250309195511973.jpg,590,1024
"컴투스, 컴투스프로야구V22 정식 출시",http://imgnews.naver.net/image/5017/2022/04/05/0000319057_001_20220405154801723.jpg,https://search.pstatic.net/common/?type=b150&src=http%3A%2F%2Fimgnews.naver.net%2Fimage%2F5017%2F2022%2F04%2F05%2F0000319057_001_20220405154801723.jpg,281,500
