평당분양가격,연도,월,지역명
18189.0,2013,12,서울
8111.0,2013,12,부산
8080.0,2013,12,대구
10204.0,2013,12,인천
6098.0,2013,12,광주
8321.0,2013,12,대전
8090.0,2013,12,울산
10855.0,2013,12,경기
7601.0,2013,12,세종
6230.0,2013,12,강원
6589.0,2013,12,충북
6365.0,2013,12,충남
6282.0,2013,12,전북
5678.0,2013,12,전남
6168.0,2013,12,경북
6473.0,2013,12,경남
7674.0,2013,12,제주
17925.0,2014,1,서울
8111.0,2014,1,부산
8080.0,2014,1,대구
10204.0,2014,1,인천
7326.0,2014,1,광주
8321.0,2014,1,대전
8090.0,2014,1,울산
10855.0,2014,1,경기
7600.0,2014,1,세종
6230.0,2014,1,강원
6589.0,2014,1,충북
6365.0,2014,1,충남
6281.0,2014,1,전북
5678.0,2014,1,전남
6168.0,2014,1,경북
6485.0,2014,1,경남
7900.0,2014,1,제주
17925.0,2014,2,서울
9078.0,2014,2,부산
8077.0,2014,2,대구
10408.0,2014,2,인천
7611.0,2014,2,광주
8321.0,2014,2,대전
8090.0,2014,2,울산
10791.0,2014,2,경기
7532.0,2014,2,세종
6230.0,2014,2,강원
6611.0,2014,2,충북
6379.0,2014,2,충남
5946.0,2014,2,전북
5678.0,2014,2,전남
6234.0,2014,2,경북
6502.0,2014,2,경남
7900.0,2014,2,제주
18016.0,2014,3,서울
8965.0,2014,3,부산
8101.0,2014,3,대구
10408.0,2014,3,인천
7346.0,2014,3,광주
8341.0,2014,3,대전
8153.0,2014,3,울산
10784.0,2014,3,경기
7814.0,2014,3,세종
6141.0,2014,3,강원
6625.0,2014,3,충북
6287.0,2014,3,충남
5966.0,2014,3,전북
5696.0,2014,3,전남
6317.0,2014,3,경북
6610.0,2014,3,경남
7900.0,2014,3,제주
18098.0,2014,4,서울
9402.0,2014,4,부산
8267.0,2014,4,대구
10000.0,2014,4,인천
7346.0,2014,4,광주
8341.0,2014,4,대전
8153.0,2014,4,울산
10876.0,2014,4,경기
7908.0,2014,4,세종
6373.0,2014,4,강원
6678.0,2014,4,충북
6552.0,2014,4,충남
6277.0,2014,4,전북
5736.0,2014,4,전남
6412.0,2014,4,경북
6599.0,2014,4,경남
7900.0,2014,4,제주
19446.0,2014,5,서울
9501.0,2014,5,부산
8274.0,2014,5,대구
9844.0,2014,5,인천
7523.0,2014,5,광주
8341.0,2014,5,대전
8153.0,2014,5,울산
10646.0,2014,5,경기
7934.0,2014,5,세종
6350.0,2014,5,강원
6598.0,2014,5,충북
6591.0,2014,5,충남
6306.0,2014,5,전북
5656.0,2014,5,전남
6409.0,2014,5,경북
6610.0,2014,5,경남
7900.0,2014,5,제주
18867.0,2014,6,서울
9453.0,2014,6,부산
8360.0,2014,6,대구
10058.0,2014,6,인천
7659.0,2014,6,광주
8333.0,2014,6,대전
8153.0,2014,6,울산
10266.0,2014,6,경기
8067.0,2014,6,세종
6350.0,2014,6,강원
6587.0,2014,6,충북
6644.0,2014,6,충남
6351.0,2014,6,전북
5609.0,2014,6,전남
6554.0,2014,6,경북
6615.0,2014,6,경남
7914.0,2014,6,제주
18742.0,2014,7,서울
9457.0,2014,7,부산
8360.0,2014,7,대구
9974.0,2014,7,인천
7612.0,2014,7,광주
8333.0,2014,7,대전
8153.0,2014,7,울산
10124.0,2014,7,경기
8067.0,2014,7,세종
6268.0,2014,7,강원
6586.0,2014,7,충북
6805.0,2014,7,충남
6319.0,2014,7,전북
5780.0,2014,7,전남
6556.0,2014,7,경북
6613.0,2014,7,경남
7914.0,2014,7,제주
19274.0,2014,8,서울
9411.0,2014,8,부산
8370.0,2014,8,대구
9973.0,2014,8,인천
7622.0,2014,8,광주
8333.0,2014,8,대전
8493.0,2014,8,울산
10134.0,2014,8,경기
8141.0,2014,8,세종
6268.0,2014,8,강원
6586.0,2014,8,충북
6914.0,2014,8,충남
6436.0,2014,8,전북
5685.0,2014,8,전남
6563.0,2014,8,경북
6606.0,2014,8,경남
7914.0,2014,8,제주
19404.0,2014,9,서울
9258.0,2014,9,부산
8449.0,2014,9,대구
9973.0,2014,9,인천
7802.0,2014,9,광주
8048.0,2014,9,대전
8493.0,2014,9,울산
10501.0,2014,9,경기
8282.0,2014,9,세종
6419.0,2014,9,강원
6584.0,2014,9,충북
6882.0,2014,9,충남
6719.0,2014,9,전북
5804.0,2014,9,전남
6577.0,2014,9,경북
6767.0,2014,9,경남
7833.0,2014,9,제주
19759.0,2014,10,서울
9110.0,2014,10,부산
8403.0,2014,10,대구
10016.0,2014,10,인천
7707.0,2014,10,광주
8038.0,2014,10,대전
8627.0,2014,10,울산
10397.0,2014,10,경기
8527.0,2014,10,세종
6631.0,2014,10,강원
6529.0,2014,10,충북
6831.0,2014,10,충남
6581.0,2014,10,전북
5753.0,2014,10,전남
6778.0,2014,10,경북
6881.0,2014,10,경남
7724.0,2014,10,제주
20242.0,2014,11,서울
9208.0,2014,11,부산
8439.0,2014,11,대구
10020.0,2014,11,인천
7752.0,2014,11,광주
8067.0,2014,11,대전
8891.0,2014,11,울산
10356.0,2014,11,경기
8592.0,2014,11,세종
6365.0,2014,11,강원
6724.0,2014,11,충북
6940.0,2014,11,충남
6583.0,2014,11,전북
5768.0,2014,11,전남
6881.0,2014,11,경북
7125.0,2014,11,경남
7724.0,2014,11,제주
20269.0,2014,12,서울
9208.0,2014,12,부산
8253.0,2014,12,대구
10020.0,2014,12,인천
7748.0,2014,12,광주
8067.0,2014,12,대전
8891.0,2014,12,울산
10379.0,2014,12,경기
8560.0,2014,12,세종
6365.0,2014,12,강원
6743.0,2014,12,충북
6989.0,2014,12,충남
6583.0,2014,12,전북
5784.0,2014,12,전남
6989.0,2014,12,경북
7332.0,2014,12,경남
7739.0,2014,12,제주
20670.0,2015,1,서울
9204.0,2015,1,부산
8327.0,2015,1,대구
10017.0,2015,1,인천
7752.0,2015,1,광주
8067.0,2015,1,대전
8526.0,2015,1,울산
10391.0,2015,1,경기
8560.0,2015,1,세종
6348.0,2015,1,강원
6749.0,2015,1,충북
6976.0,2015,1,충남
6583.0,2015,1,전북
5784.0,2015,1,전남
6992.0,2015,1,경북
7592.0,2015,1,경남
7739.0,2015,1,제주
20670.0,2015,2,서울
9235.0,2015,2,부산
8416.0,2015,2,대구
9876.0,2015,2,인천
7756.0,2015,2,광주
8067.0,2015,2,대전
8526.0,2015,2,울산
10355.0,2015,2,경기
8560.0,2015,2,세종
6350.0,2015,2,강원
6747.0,2015,2,충북
6980.0,2015,2,충남
6583.0,2015,2,전북
5833.0,2015,2,전남
6953.0,2015,2,경북
7588.0,2015,2,경남
7739.0,2015,2,제주
19415.0,2015,3,서울
9279.0,2015,3,부산
8441.0,2015,3,대구
9876.0,2015,3,인천
7861.0,2015,3,광주
8067.0,2015,3,대전
8629.0,2015,3,울산
10469.0,2015,3,경기
8555.0,2015,3,세종
6182.0,2015,3,강원
6783.0,2015,3,충북
7161.0,2015,3,충남
6542.0,2015,3,전북
5825.0,2015,3,전남
6997.0,2015,3,경북
7668.0,2015,3,경남
7826.0,2015,3,제주
18842.0,2015,4,서울
9327.0,2015,4,부산
8446.0,2015,4,대구
9938.0,2015,4,인천
7914.0,2015,4,광주
8145.0,2015,4,대전
9380.0,2015,4,울산
10684.0,2015,4,경기
8546.0,2015,4,세종
6924.0,2015,4,강원
6790.0,2015,4,충북
7017.0,2015,4,충남
6551.0,2015,4,전북
5940.0,2015,4,전남
7006.0,2015,4,경북
7683.0,2015,4,경남
7285.0,2015,4,제주
18367.0,2015,5,서울
9345.0,2015,5,부산
8568.0,2015,5,대구
10551.0,2015,5,인천
7877.0,2015,5,광주
8272.0,2015,5,대전
9192.0,2015,5,울산
10685.0,2015,5,경기
8546.0,2015,5,세종
6846.0,2015,5,강원
6805.0,2015,5,충북
6975.0,2015,5,충남
6556.0,2015,5,전북
6050.0,2015,5,전남
6966.0,2015,5,경북
7717.0,2015,5,경남
7285.0,2015,5,제주
18374.0,2015,6,서울
9515.0,2015,6,부산
8542.0,2015,6,대구
10443.0,2015,6,인천
7881.0,2015,6,광주
8079.0,2015,6,대전
9190.0,2015,6,울산
10573.0,2015,6,경기
8671.0,2015,6,세종
6986.0,2015,6,강원
6682.0,2015,6,충북
6939.0,2015,6,충남
6601.0,2015,6,전북
6243.0,2015,6,전남
6887.0,2015,6,경북
7715.0,2015,6,경남
7343.0,2015,6,제주
18152.0,2015,7,서울
9559.0,2015,7,부산
8542.0,2015,7,대구
10443.0,2015,7,인천
8089.0,2015,7,광주
8079.0,2015,7,대전
9190.0,2015,7,울산
10518.0,2015,7,경기
8669.0,2015,7,세종
7019.0,2015,7,강원
6601.0,2015,7,충북
6935.0,2015,7,충남
6750.0,2015,7,전북
6286.0,2015,7,전남
7035.0,2015,7,경북
7723.0,2015,7,경남
7343.0,2015,7,제주
18443.0,2015,8,서울
9581.0,2015,8,부산
8795.0,2015,8,대구
10449.0,2015,8,인천
8231.0,2015,8,광주
8079.0,2015,8,대전
9215.0,2015,8,울산
10573.0,2015,8,경기
8695.0,2015,8,세종
7008.0,2015,8,강원
6603.0,2015,8,충북
6942.0,2015,8,충남
6580.0,2015,8,전북
6289.0,2015,8,전남
7037.0,2015,8,경북
7665.0,2015,8,경남
7343.0,2015,8,제주
19275.3,2015,10,서울
10437.9,2015,10,인천
10355.4,2015,10,경기
10269.6,2015,10,부산
8850.6,2015,10,대구
7986.0,2015,10,광주
8098.2,2015,10,대전
10074.9,2015,10,울산
8718.6,2015,10,세종
7151.099999999999,2015,10,강원
6705.599999999999,2015,10,충북
6926.7,2015,10,충남
6778.2,2015,10,전북
6352.5,2015,10,전남
7088.4,2015,10,경북
7560.299999999999,2015,10,경남
7365.599999999999,2015,10,제주
19965.0,2015,11,서울
10507.2,2015,11,인천
10223.4,2015,11,경기
10332.3,2015,11,부산
9071.7,2015,11,대구
7999.2,2015,11,광주
8098.2,2015,11,대전
10041.9,2015,11,울산
8738.4,2015,11,세종
7164.299999999999,2015,11,강원
6613.2,2015,11,충북
6930.0,2015,11,충남
6788.099999999999,2015,11,전북
6299.7,2015,11,전남
7227.0,2015,11,경북
7583.4,2015,11,경남
7365.599999999999,2015,11,제주
19935.3,2015,12,서울
10507.2,2015,12,인천
10553.4,2015,12,경기
10319.1,2015,12,부산
9774.6,2015,12,대구
8170.799999999999,2015,12,광주
8098.2,2015,12,대전
10041.9,2015,12,울산
8794.5,2015,12,세종
7164.299999999999,2015,12,강원
6616.5,2015,12,충북
7487.7,2015,12,충남
6543.9,2015,12,전북
6299.7,2015,12,전남
7197.299999999999,2015,12,경북
7613.099999999999,2015,12,경남
7484.4,2015,12,제주
20156.4,2016,1,서울
10530.3,2016,1,인천
10553.4,2016,1,경기
10401.6,2016,1,부산
10183.8,2016,1,대구
8477.699999999999,2016,1,광주
8098.2,2016,1,대전
10051.8,2016,1,울산
8794.5,2016,1,세종
7170.9,2016,1,강원
6626.4,2016,1,충북
7491.0,2016,1,충남
6534.0,2016,1,전북
6299.7,2016,1,전남
7197.299999999999,2016,1,경북
7679.099999999999,2016,1,경남
7484.4,2016,1,제주
20166.3,2016,2,서울
10533.6,2016,2,인천
10622.7,2016,2,경기
10408.2,2016,2,부산
10111.2,2016,2,대구
8477.699999999999,2016,2,광주
8098.2,2016,2,대전
10051.8,2016,2,울산
8794.5,2016,2,세종
7170.9,2016,2,강원
6626.4,2016,2,충북
7497.599999999999,2016,2,충남
6534.0,2016,2,전북
6345.9,2016,2,전남
7190.7,2016,2,경북
7781.4,2016,2,경남
7484.4,2016,2,제주
20370.9,2016,3,서울
10527.0,2016,3,인천
10609.5,2016,3,경기
10487.4,2016,3,부산
10292.7,2016,3,대구
8547.0,2016,3,광주
8098.2,2016,3,대전
10117.8,2016,3,울산
8811.0,2016,3,세종
7240.2,2016,3,강원
6534.0,2016,3,충북
6979.5,2016,3,충남
6438.299999999999,2016,3,전북
6339.299999999999,2016,3,전남
7190.7,2016,3,경북
7863.9,2016,3,경남
7636.2,2016,3,제주
20595.3,2016,4,서울
10685.4,2016,4,인천
10556.7,2016,4,경기
10457.7,2016,4,부산
10335.6,2016,4,대구
8910.0,2016,4,광주
8081.7,2016,4,대전
10137.6,2016,4,울산
8844.0,2016,4,세종
7062.0,2016,4,강원
6494.4,2016,4,충북
7157.7,2016,4,충남
6299.7,2016,4,전북
6352.5,2016,4,전남
7184.099999999999,2016,4,경북
7890.299999999999,2016,4,경남
8972.699999999999,2016,4,제주
20671.2,2016,5,서울
10490.7,2016,5,인천
11361.9,2016,5,경기
10388.4,2016,5,부산
10335.6,2016,5,대구
8982.6,2016,5,광주
8134.5,2016,5,대전
10154.1,2016,5,울산
8844.0,2016,5,세종
6986.099999999999,2016,5,강원
6534.0,2016,5,충북
7147.799999999999,2016,5,충남
6418.5,2016,5,전북
6359.099999999999,2016,5,전남
7180.799999999999,2016,5,경북
7857.299999999999,2016,5,경남
8880.3,2016,5,제주
20486.4,2016,6,서울
10573.2,2016,6,인천
11688.6,2016,6,경기
10395.0,2016,6,부산
10342.2,2016,6,대구
9032.1,2016,6,광주
8454.6,2016,6,대전
10127.7,2016,6,울산
8853.9,2016,6,세종
6943.2,2016,6,강원
6755.099999999999,2016,6,충북
7253.4,2016,6,충남
6372.299999999999,2016,6,전북
6494.4,2016,6,전남
7385.4,2016,6,경북
7883.7,2016,6,경남
9329.1,2016,6,제주
20638.2,2016,7,서울
10632.6,2016,7,인천
11652.3,2016,7,경기
10421.4,2016,7,부산
10329.0,2016,7,대구
9048.6,2016,7,광주
8454.6,2016,7,대전
10127.7,2016,7,울산
8867.1,2016,7,세종
6933.299999999999,2016,7,강원
6847.5,2016,7,충북
7253.4,2016,7,충남
6365.7,2016,7,전북
6494.4,2016,7,전남
7418.4,2016,7,경북
7837.5,2016,7,경남
9329.1,2016,7,제주
20740.5,2016,8,서울
10675.5,2016,8,인천
11751.3,2016,8,경기
10510.5,2016,8,부산
10385.1,2016,8,대구
8995.8,2016,8,광주
8454.6,2016,8,대전
9820.8,2016,8,울산
8890.199999999999,2016,8,세종
6923.4,2016,8,강원
7009.2,2016,8,충북
7375.5,2016,8,충남
6365.7,2016,8,전북
6487.799999999999,2016,8,전남
7385.4,2016,8,경북
7867.2,2016,8,경남
9497.4,2016,8,제주
20733.9,2016,9,서울
10454.4,2016,9,인천
11088.0,2016,9,경기
10560.0,2016,9,부산
10385.1,2016,9,대구
8979.3,2016,9,광주
8306.1,2016,9,대전
9820.8,2016,9,울산
8873.699999999999,2016,9,세종
6930.0,2016,9,강원
7012.5,2016,9,충북
7378.799999999999,2016,9,충남
6352.5,2016,9,전북
6507.599999999999,2016,9,전남
7428.299999999999,2016,9,경북
7890.299999999999,2016,9,경남
10173.9,2016,9,제주
21120.0,2016,10,서울
10553.4,2016,10,인천
11322.3,2016,10,경기
10220.1,2016,10,부산
10385.1,2016,10,대구
8992.5,2016,10,광주
10117.8,2016,10,대전
10576.5,2016,10,울산
8910.0,2016,10,세종
7052.099999999999,2016,10,강원
6923.4,2016,10,충북
7415.099999999999,2016,10,충남
6359.099999999999,2016,10,전북
6540.599999999999,2016,10,전남
7570.2,2016,10,경북
7959.599999999999,2016,10,경남
10173.9,2016,10,제주
21021.0,2016,11,서울
10398.3,2016,11,인천
11701.8,2016,11,경기
10173.9,2016,11,부산
10259.7,2016,11,대구
9157.5,2016,11,광주
8860.5,2016,11,대전
10758.0,2016,11,울산
8916.6,2016,11,세종
6834.299999999999,2016,11,강원
7012.5,2016,11,충북
7514.099999999999,2016,11,충남
6362.4,2016,11,전북
6784.799999999999,2016,11,전남
7570.2,2016,11,경북
7784.7,2016,11,경남
10253.1,2016,11,제주
21261.9,2016,12,서울
10335.6,2016,12,인천
11731.5,2016,12,경기
10734.9,2016,12,부산
10375.2,2016,12,대구
9183.9,2016,12,광주
8860.5,2016,12,대전
10758.0,2016,12,울산
8926.5,2016,12,세종
6887.099999999999,2016,12,강원
6867.299999999999,2016,12,충북
7504.2,2016,12,충남
6613.2,2016,12,전북
6857.4,2016,12,전남
7626.299999999999,2016,12,경북
7880.4,2016,12,경남
10335.6,2016,12,제주
21285.0,2017,1,서울
10335.6,2017,1,인천
11728.2,2017,1,경기
10705.2,2017,1,부산
10299.3,2017,1,대구
9167.4,2017,1,광주
8860.5,2017,1,대전
10758.0,2017,1,울산
8926.5,2017,1,세종
6880.5,2017,1,강원
6946.5,2017,1,충북
7375.5,2017,1,충남
6619.799999999999,2017,1,전북
6857.4,2017,1,전남
7629.599999999999,2017,1,경북
7887.0,2017,1,경남
10309.2,2017,1,제주
21331.2,2017,2,서울
10451.1,2017,2,인천
11903.1,2017,2,경기
10701.9,2017,2,부산
10421.4,2017,2,대구
9167.4,2017,2,광주
8979.3,2017,2,대전
10767.9,2017,2,울산
8926.5,2017,2,세종
6897.0,2017,2,강원
6745.2,2017,2,충북
7378.799999999999,2017,2,충남
6629.7,2017,2,전북
6906.9,2017,2,전남
7613.099999999999,2017,2,경북
7867.2,2017,2,경남
10342.2,2017,2,제주
21021.0,2017,3,서울
10490.7,2017,3,인천
11985.6,2017,3,경기
10857.0,2017,3,부산
10560.0,2017,3,대구
9183.9,2017,3,광주
8979.3,2017,3,대전
10767.9,2017,3,울산
8926.5,2017,3,세종
6824.4,2017,3,강원
6520.799999999999,2017,3,충북
7382.099999999999,2017,3,충남
6745.2,2017,3,전북
6897.0,2017,3,전남
7560.299999999999,2017,3,경북
7943.099999999999,2017,3,경남
10220.1,2017,3,제주
21007.8,2017,4,서울
10490.7,2017,4,인천
11893.2,2017,4,경기
10853.7,2017,4,부산
10490.7,2017,4,대구
9418.2,2017,4,광주
9038.7,2017,4,대전
11807.4,2017,4,울산
9005.699999999999,2017,4,세종
6824.4,2017,4,강원
6732.0,2017,4,충북
7329.299999999999,2017,4,충남
6946.5,2017,4,전북
6949.799999999999,2017,4,전남
7649.4,2017,4,경북
7923.299999999999,2017,4,경남
10965.9,2017,4,제주
21120.0,2017,5,서울
10860.3,2017,5,인천
11464.2,2017,5,경기
11711.7,2017,5,부산
10490.7,2017,5,대구
9537.0,2017,5,광주
9038.7,2017,5,대전
11807.4,2017,5,울산
9005.699999999999,2017,5,세종
6877.2,2017,5,강원
6765.0,2017,5,충북
7332.599999999999,2017,5,충남
7029.0,2017,5,전북
7144.5,2017,5,전남
7797.9,2017,5,경북
7979.4,2017,5,경남
11414.7,2017,5,제주
22001.1,2017,6,서울
10975.8,2017,6,인천
11513.7,2017,6,경기
11932.8,2017,6,부산
10711.8,2017,6,대구
9609.6,2017,6,광주
9038.7,2017,6,대전
11820.6,2017,6,울산
9018.9,2017,6,세종
7032.299999999999,2017,6,강원
6741.9,2017,6,충북
7504.2,2017,6,충남
7263.299999999999,2017,6,전북
7085.099999999999,2017,6,전남
7863.9,2017,6,경북
8065.2,2017,6,경남
10804.2,2017,6,제주
21690.9,2017,7,서울
10962.6,2017,7,인천
11975.7,2017,7,경기
11926.2,2017,7,부산
12771.0,2017,7,대구
9550.2,2017,7,광주
9035.4,2017,7,대전
11820.6,2017,7,울산
9018.9,2017,7,세종
7081.799999999999,2017,7,강원
6741.9,2017,7,충북
7507.5,2017,7,충남
7243.5,2017,7,전북
7085.099999999999,2017,7,전남
7860.599999999999,2017,7,경북
8134.5,2017,7,경남
11005.5,2017,7,제주
20367.6,2017,8,서울
10800.9,2017,8,인천
12015.3,2017,8,경기
11843.7,2017,8,부산
13180.2,2017,8,대구
9579.9,2017,8,광주
9035.4,2017,8,대전
11820.6,2017,8,울산
9022.2,2017,8,세종
7484.4,2017,8,강원
6765.0,2017,8,충북
7448.099999999999,2017,8,충남
7289.7,2017,8,전북
7306.2,2017,8,전남
8055.299999999999,2017,8,경북
8299.5,2017,8,경남
11005.5,2017,8,제주
21473.1,2017,9,서울
10896.6,2017,9,인천
11972.4,2017,9,경기
11860.2,2017,9,부산
12668.7,2017,9,대구
9718.5,2017,9,광주
9550.2,2017,9,대전
11820.6,2017,9,울산
9101.4,2017,9,세종
7375.5,2017,9,강원
6778.2,2017,9,충북
7448.099999999999,2017,9,충남
7322.7,2017,9,전북
7306.2,2017,9,전남
8015.7,2017,9,경북
8283.0,2017,9,경남
10632.6,2017,9,제주
21707.4,2017,10,서울
10890.0,2017,10,인천
11962.5,2017,10,경기
12285.9,2017,10,부산
12668.7,2017,10,대구
9609.6,2017,10,광주
9005.699999999999,2017,10,대전
11170.5,2017,10,울산
9104.7,2017,10,세종
7520.7,2017,10,강원
6798.0,2017,10,충북
7533.9,2017,10,충남
7200.599999999999,2017,10,전북
7606.5,2017,10,전남
7811.099999999999,2017,10,경북
8038.799999999999,2017,10,경남
10632.6,2017,10,제주
21968.1,2017,11,서울
10890.0,2017,11,인천
11738.1,2017,11,경기
12606.0,2017,11,부산
12071.4,2017,11,대구
9553.5,2017,11,광주
9180.6,2017,11,대전
11134.2,2017,11,울산
9108.0,2017,11,세종
7652.7,2017,11,강원
6854.099999999999,2017,11,충북
7451.4,2017,11,충남
7260.0,2017,11,전북
7883.7,2017,11,전남
7887.0,2017,11,경북
8649.3,2017,11,경남
11748.0,2017,11,제주
22129.8,2017,12,서울
10949.4,2017,12,인천
11936.1,2017,12,경기
12678.6,2017,12,부산
11751.3,2017,12,대구
9556.8,2017,12,광주
8929.8,2017,12,대전
10434.6,2017,12,울산
10431.3,2017,12,세종
7596.599999999999,2017,12,강원
6854.099999999999,2017,12,충북
7778.099999999999,2017,12,충남
7345.799999999999,2017,12,전북
7920.0,2017,12,전남
7887.0,2017,12,경북
8896.8,2017,12,경남
11807.4,2017,12,제주
21855.9,2018,1,서울
10998.9,2018,1,인천
12691.8,2018,1,경기
12678.6,2018,1,부산
11830.5,2018,1,대구
9550.2,2018,1,광주
9055.2,2018,1,대전
10434.6,2018,1,울산
10431.3,2018,1,세종
7669.2,2018,1,강원
6854.099999999999,2018,1,충북
7900.2,2018,1,충남
7345.799999999999,2018,1,전북
7920.0,2018,1,전남
8055.299999999999,2018,1,경북
8896.8,2018,1,경남
11998.8,2018,1,제주
21882.3,2018,2,서울
11028.6,2018,2,인천
12790.8,2018,2,경기
12705.0,2018,2,부산
11101.2,2018,2,대구
9550.2,2018,2,광주
9527.1,2018,2,대전
10474.2,2018,2,울산
10431.3,2018,2,세종
7665.9,2018,2,강원
7147.799999999999,2018,2,충북
7900.2,2018,2,충남
7500.9,2018,2,전북
7774.799999999999,2018,2,전남
8055.299999999999,2018,2,경북
8903.4,2018,2,경남
12635.7,2018,2,제주
22558.8,2018,3,서울
11408.1,2018,3,인천
12790.8,2018,3,경기
12596.1,2018,3,부산
11193.6,2018,3,대구
9669.0,2018,3,광주
9527.1,2018,3,대전
10474.2,2018,3,울산
10431.3,2018,3,세종
7890.299999999999,2018,3,강원
8101.5,2018,3,충북
7900.2,2018,3,충남
7467.9,2018,3,전북
7748.4,2018,3,전남
8052.0,2018,3,경북
8900.1,2018,3,경남
12952.5,2018,3,제주
22575.3,2018,4,서울
11408.1,2018,4,인천
12734.7,2018,4,경기
12747.9,2018,4,부산
11629.2,2018,4,대구
9520.5,2018,4,광주
9807.6,2018,4,대전
10474.2,2018,4,울산
10332.3,2018,4,세종
7514.099999999999,2018,4,강원
8682.3,2018,4,충북
7900.2,2018,4,충남
7646.099999999999,2018,4,전북
7771.5,2018,4,전남
8052.0,2018,4,경북
8877.0,2018,4,경남
12952.5,2018,4,제주
22832.7,2018,5,서울
11338.8,2018,5,인천
13157.1,2018,5,경기
12714.9,2018,5,부산
12048.3,2018,5,대구
9589.8,2018,5,광주
9807.6,2018,5,대전
10474.2,2018,5,울산
10332.3,2018,5,세종
7553.7,2018,5,강원
8698.8,2018,5,충북
8094.9,2018,5,충남
7675.799999999999,2018,5,전북
7774.799999999999,2018,5,전남
8672.4,2018,5,경북
8893.5,2018,5,경남
12952.5,2018,5,제주
22090.2,2018,6,서울
11127.6,2018,6,인천
12959.1,2018,6,경기
12817.2,2018,6,부산
12107.7,2018,6,대구
9900.0,2018,6,광주
9807.6,2018,6,대전
10312.5,2018,6,울산
10332.3,2018,6,세종
7563.599999999999,2018,6,강원
7873.799999999999,2018,6,충북
8141.099999999999,2018,6,충남
7675.799999999999,2018,6,전북
7774.799999999999,2018,6,전남
8682.3,2018,6,경북
8893.5,2018,6,경남
12952.5,2018,6,제주
22506.0,2018,7,서울
11127.6,2018,7,인천
13041.6,2018,7,경기
13035.0,2018,7,부산
12249.6,2018,7,대구
9685.5,2018,7,광주
9698.7,2018,7,대전
10312.5,2018,7,울산
10332.3,2018,7,세종
7629.599999999999,2018,7,강원
7887.0,2018,7,충북
8141.099999999999,2018,7,충남
7698.9,2018,7,전북
7778.099999999999,2018,7,전남
8824.199999999999,2018,7,경북
8896.8,2018,7,경남
11002.2,2018,7,제주
22212.3,2018,8,서울
11031.9,2018,8,인천
13431.0,2018,8,경기
13107.6,2018,8,부산
12295.8,2018,8,대구
9685.5,2018,8,광주
9698.7,2018,8,대전
10312.5,2018,8,울산
10388.4,2018,8,세종
7669.2,2018,8,강원
7887.0,2018,8,충북
8071.799999999999,2018,8,충남
7626.299999999999,2018,8,전북
7778.099999999999,2018,8,전남
8589.9,2018,8,경북
8781.3,2018,8,경남
11002.2,2018,8,제주
23080.2,2018,9,서울
11031.9,2018,9,인천
13510.2,2018,9,경기
13497.0,2018,9,부산
12342.0,2018,9,대구
9672.3,2018,9,광주
11111.1,2018,9,대전
10312.5,2018,9,울산
10388.4,2018,9,세종
7685.7,2018,9,강원
7867.2,2018,9,충북
8071.799999999999,2018,9,충남
7626.299999999999,2018,9,전북
7761.599999999999,2018,9,전남
8721.9,2018,9,경북
9061.8,2018,9,경남
11002.2,2018,9,제주
24347.4,2018,10,서울
11352.0,2018,10,인천
13648.8,2018,10,경기
13318.8,2018,10,부산
12536.7,2018,10,대구
10045.2,2018,10,광주
11055.0,2018,10,대전
9537.0,2018,10,울산
10388.4,2018,10,세종
7778.099999999999,2018,10,강원
7867.2,2018,10,충북
8071.799999999999,2018,10,충남
7659.299999999999,2018,10,전북
7788.0,2018,10,전남
8662.5,2018,10,경북
9223.5,2018,10,경남
11002.2,2018,10,제주
24317.7,2018,11,서울
11724.9,2018,11,인천
13698.3,2018,11,경기
13332.0,2018,11,부산
12622.5,2018,11,대구
10563.3,2018,11,광주
11055.0,2018,11,대전
9537.0,2018,11,울산
10388.4,2018,11,세종
7873.799999999999,2018,11,강원
7811.099999999999,2018,11,충북
7989.299999999999,2018,11,충남
7731.9,2018,11,전북
7715.4,2018,11,전남
8847.3,2018,11,경북
9230.1,2018,11,경남
10936.2,2018,11,제주
24413.4,2018,12,서울
11708.4,2018,12,인천
13777.5,2018,12,경기
13424.4,2018,12,부산
12952.5,2018,12,대구
10837.2,2018,12,광주
12012.0,2018,12,대전
10312.5,2018,12,울산
10081.5,2018,12,세종
7675.799999999999,2018,12,강원
7811.099999999999,2018,12,충북
7969.5,2018,12,충남
7854.0,2018,12,전북
7883.7,2018,12,전남
8847.3,2018,12,경북
9675.6,2018,12,경남
11299.2,2018,12,제주
25080.0,2019,1,서울
11823.9,2019,1,인천
14051.4,2019,1,경기
13424.4,2019,1,부산
13143.9,2019,1,대구
10926.3,2019,1,광주
12173.7,2019,1,대전
10362.0,2019,1,울산
10081.5,2019,1,세종
7784.7,2019,1,강원
7811.099999999999,2019,1,충북
8127.9,2019,1,충남
7854.0,2019,1,전북
7966.2,2019,1,전남
8705.4,2019,1,경북
9675.6,2019,1,경남
11299.2,2019,1,제주
25169.1,2019,2,서울
11847.0,2019,2,인천
14044.8,2019,2,경기
13424.4,2019,2,부산
13160.4,2019,2,대구
10926.3,2019,2,광주
12173.7,2019,2,대전
10362.0,2019,2,울산
10081.5,2019,2,세종
7784.7,2019,2,강원
7550.4,2019,2,충북
8484.3,2019,2,충남
7873.799999999999,2019,2,전북
7959.599999999999,2019,2,전남
8751.6,2019,2,경북
9675.6,2019,2,경남
11299.2,2019,2,제주
25647.6,2019,3,서울
12150.6,2019,3,인천
14417.7,2019,3,경기
13424.4,2019,3,부산
13117.5,2019,3,대구
10926.3,2019,3,광주
11913.0,2019,3,대전
10362.0,2019,3,울산
10081.5,2019,3,세종
7936.5,2019,3,강원
7560.299999999999,2019,3,충북
8570.1,2019,3,충남
8091.599999999999,2019,3,전북
7880.4,2019,3,전남
8741.699999999999,2019,3,경북
9494.1,2019,3,경남
11299.2,2019,3,제주
25687.2,2019,4,서울
12150.6,2019,4,인천
14556.3,2019,4,경기
12959.1,2019,4,부산
13249.5,2019,4,대구
10932.9,2019,4,광주
11820.6,2019,4,대전
10362.0,2019,4,울산
11411.4,2019,4,세종
8362.199999999999,2019,4,강원
7596.599999999999,2019,4,충북
8609.699999999999,2019,4,충남
7953.0,2019,4,전북
7623.0,2019,4,전남
8642.699999999999,2019,4,경북
9348.9,2019,4,경남
11355.3,2019,4,제주
25693.8,2019,5,서울
12807.3,2019,5,인천
14358.3,2019,5,경기
12949.2,2019,5,부산
13579.5,2019,5,대구
11602.8,2019,5,광주
11820.6,2019,5,대전
10362.0,2019,5,울산
11411.4,2019,5,세종
8236.8,2019,5,강원
7580.099999999999,2019,5,충북
8916.6,2019,5,충남
8147.7,2019,5,전북
7484.4,2019,5,전남
8378.699999999999,2019,5,경북
9705.3,2019,5,경남
11355.3,2019,5,제주
26730.0,2019,6,서울
12827.1,2019,6,인천
14952.3,2019,6,경기
12889.8,2019,6,부산
13747.8,2019,6,대구
11863.5,2019,6,광주
11470.8,2019,6,대전
10362.0,2019,6,울산
11411.4,2019,6,세종
8276.4,2019,6,강원
7679.099999999999,2019,6,충북
8639.4,2019,6,충남
8147.7,2019,6,전북
7656.0,2019,6,전남
8378.699999999999,2019,6,경북
9791.1,2019,6,경남
12355.2,2019,6,제주
26621.1,2019,7,서울
12827.1,2019,7,인천
14147.1,2019,7,경기
12777.6,2019,7,부산
14180.1,2019,7,대구
12381.6,2019,7,광주
11474.1,2019,7,대전
10362.0,2019,7,울산
11411.4,2019,7,세종
8220.3,2019,7,강원
7557.0,2019,7,충북
8811.0,2019,7,충남
8210.4,2019,7,전북
7722.0,2019,7,전남
8378.699999999999,2019,7,경북
9791.1,2019,7,경남
12767.7,2019,7,제주
26706.9,2019,8,서울
13005.3,2019,8,인천
14331.9,2019,8,경기
12972.3,2019,8,부산
14239.5,2019,8,대구
12279.3,2019,8,광주
11170.5,2019,8,대전
10362.0,2019,8,울산
11411.4,2019,8,세종
8223.6,2019,8,강원
7388.7,2019,8,충북
8715.3,2019,8,충남
8679.0,2019,8,전북
7735.2,2019,8,전남
8682.3,2019,8,경북
9824.1,2019,8,경남
12767.7,2019,8,제주
26680.5,2019,9,서울
13005.3,2019,9,인천
14655.3,2019,9,경기
13275.9,2019,9,부산
14381.4,2019,9,대구
12279.3,2019,9,광주
11358.6,2019,9,대전
8992.5,2019,9,울산
11411.4,2019,9,세종
8190.599999999999,2019,9,강원
7467.9,2019,9,충북
8523.9,2019,9,충남
8679.0,2019,9,전북
8187.299999999999,2019,9,전남
8771.4,2019,9,경북
9883.5,2019,9,경남
12767.7,2019,9,제주
26700.3,2019,10,서울
13025.1,2019,10,인천
14589.3,2019,10,경기
13332.0,2019,10,부산
14536.5,2019,10,대구
12444.3,2019,10,광주
11985.6,2019,10,대전
10362.0,2019,10,울산
11411.4,2019,10,세종
8118.0,2019,10,강원
7497.599999999999,2019,10,충북
8586.6,2019,10,충남
8434.8,2019,10,전북
8230.199999999999,2019,10,전남
9616.2,2019,10,경북
10589.7,2019,10,경남
12767.7,2019,10,제주
26604.6,2019,11,서울
12942.6,2019,11,인천
14694.9,2019,11,경기
13150.5,2019,11,부산
14460.6,2019,11,대구
12658.8,2019,11,광주
11985.6,2019,11,대전
10362.0,2019,11,울산
11411.4,2019,11,세종
8283.0,2019,11,강원
7599.9,2019,11,충북
8586.6,2019,11,충남
8144.4,2019,11,전북
8292.9,2019,11,전남
9616.2,2019,11,경북
10563.3,2019,11,경남
12810.6,2019,11,제주
26251.5,2019,12,서울
13206.6,2019,12,인천
14826.9,2019,12,경기
12817.2,2019,12,부산
14427.6,2019,12,대구
12652.2,2019,12,광주
11985.6,2019,12,대전
10371.9,2019,12,울산
11411.4,2019,12,세종
8283.0,2019,12,강원
7606.5,2019,12,충북
8712.0,2019,12,충남
8144.4,2019,12,전북
8091.599999999999,2019,12,전남
9616.2,2019,12,경북
10107.9,2019,12,경남
12810.6,2019,12,제주
26799.3,2020,1,서울
13216.5,2020,1,인천
14859.9,2020,1,경기
12817.2,2020,1,부산
14586.0,2020,1,대구
12681.9,2020,1,광주
11985.6,2020,1,대전
10371.9,2020,1,울산
11411.4,2020,1,세종
8207.1,2020,1,강원
7606.5,2020,1,충북
8712.0,2020,1,충남
8144.4,2020,1,전북
8200.5,2020,1,전남
10144.2,2020,1,경북
10107.9,2020,1,경남
13051.5,2020,1,제주
26307.6,2020,2,서울
13477.2,2020,2,인천
14856.6,2020,2,경기
12949.2,2020,2,부산
14586.0,2020,2,대구
12681.9,2020,2,광주
11985.6,2020,2,대전
10371.9,2020,2,울산
11411.4,2020,2,세종
8325.9,2020,2,강원
7903.5,2020,2,충북
8593.199999999999,2020,2,충남
8144.4,2020,2,전북
8269.8,2020,2,전남
8431.5,2020,2,경북
10107.9,2020,2,경남
13051.5,2020,2,제주
26495.7,2020,3,서울
14058.0,2020,3,인천
14770.8,2020,3,경기
13035.0,2020,3,부산
14843.4,2020,3,대구
12681.9,2020,3,광주
11226.6,2020,3,대전
10371.9,2020,3,울산
11411.4,2020,3,세종
8144.4,2020,3,강원
7920.0,2020,3,충북
8606.4,2020,3,충남
8144.4,2020,3,전북
8500.8,2020,3,전남
8431.5,2020,3,경북
9794.4,2020,3,경남
13051.5,2020,3,제주
26367.0,2020,4,서울
14067.9,2020,4,인천
15057.9,2020,4,경기
12896.4,2020,4,부산
15100.8,2020,4,대구
12685.2,2020,4,광주
11074.8,2020,4,대전
10371.9,2020,4,울산
11355.3,2020,4,세종
8708.699999999999,2020,4,강원
7920.0,2020,4,충북
8708.699999999999,2020,4,충남
8259.9,2020,4,전북
8550.3,2020,4,전남
8807.699999999999,2020,4,경북
10404.9,2020,4,경남
13480.5,2020,4,제주
27030.3,2020,5,서울
14338.5,2020,5,인천
13942.5,2020,5,경기
13272.6,2020,5,부산
15335.1,2020,5,대구
12648.9,2020,5,광주
11008.8,2020,5,대전
10969.2,2020,5,울산
11355.3,2020,5,세종
8784.6,2020,5,강원
7936.5,2020,5,충북
8735.1,2020,5,충남
8184.0,2020,5,전북
8576.699999999999,2020,5,전남
8807.699999999999,2020,5,경북
9969.3,2020,5,경남
14902.8,2020,5,제주
27558.3,2020,6,서울
14661.9,2020,6,인천
13586.1,2020,6,경기
13272.6,2020,6,부산
15173.4,2020,6,대구
12599.4,2020,6,광주
11246.4,2020,6,대전
12371.7,2020,6,울산
11355.3,2020,6,세종
9084.9,2020,6,강원
7949.7,2020,6,충북
8847.3,2020,6,충남
8259.9,2020,6,전북
8566.8,2020,6,전남
8807.699999999999,2020,6,경북
10329.0,2020,6,경남
14922.6,2020,6,제주
26763.0,2020,7,서울
14635.5,2020,7,인천
14322.0,2020,7,경기
13467.3,2020,7,부산
15312.0,2020,7,대구
12688.5,2020,7,광주
11051.7,2020,7,대전
12790.8,2020,7,울산
11355.3,2020,7,세종
9457.8,2020,7,강원
7949.7,2020,7,충북
8936.4,2020,7,충남
8190.599999999999,2020,7,전북
8553.6,2020,7,전남
9744.9,2020,7,경북
10276.2,2020,7,경남
15338.4,2020,7,제주
26723.4,2020,8,서울
15318.6,2020,8,인천
13972.2,2020,8,경기
13266.0,2020,8,부산
15292.2,2020,8,대구
12190.2,2020,8,광주
10982.4,2020,8,대전
13645.5,2020,8,울산
11355.3,2020,8,세종
9867.0,2020,8,강원
7929.9,2020,8,충북
8946.3,2020,8,충남
8190.599999999999,2020,8,전북
8873.699999999999,2020,8,전남
10216.8,2020,8,경북
10276.2,2020,8,경남
15338.4,2020,8,제주
26776.2,2020,9,서울
15318.6,2020,9,인천
14097.6,2020,9,경기
13266.0,2020,9,부산
15325.2,2020,9,대구
12282.6,2020,9,광주
10827.3,2020,9,대전
13734.6,2020,9,울산
11355.3,2020,9,세종
10322.4,2020,9,강원
7900.2,2020,9,충북
9015.6,2020,9,충남
8309.4,2020,9,전북
8853.9,2020,9,전남
10216.8,2020,9,경북
10276.2,2020,9,경남
15338.4,2020,9,제주
26660.7,2020,10,서울
15576.0,2020,10,인천
14341.8,2020,10,경기
13114.2,2020,10,부산
15404.4,2020,10,대구
12282.6,2020,10,광주
10579.8,2020,10,대전
13803.9,2020,10,울산
11299.2,2020,10,세종
10322.4,2020,10,강원
7893.599999999999,2020,10,충북
8880.3,2020,10,충남
8487.6,2020,10,전북
8969.4,2020,10,전남
10114.5,2020,10,경북
10253.1,2020,10,경남
15338.4,2020,10,제주
27172.2,2020,11,서울
15737.7,2020,11,인천
14318.7,2020,11,경기
13569.6,2020,11,부산
15457.2,2020,11,대구
12358.5,2020,11,광주
10579.8,2020,11,대전
13803.9,2020,11,울산
11299.2,2020,11,세종
10395.0,2020,11,강원
8078.4,2020,11,충북
9180.6,2020,11,충남
8679.0,2020,11,전북
9104.7,2020,11,전남
10470.9,2020,11,경북
10272.9,2020,11,경남
15338.4,2020,11,제주
28267.8,2020,12,서울
15681.6,2020,12,인천
14473.8,2020,12,경기
14044.8,2020,12,부산
15325.2,2020,12,대구
12219.9,2020,12,광주
10579.8,2020,12,대전
13827.0,2020,12,울산
11299.2,2020,12,세종
10355.4,2020,12,강원
8527.199999999999,2020,12,충북
9111.3,2020,12,충남
8811.0,2020,12,전북
9342.3,2020,12,전남
10345.5,2020,12,경북
9860.4,2020,12,경남
15338.4,2020,12,제주
28267.8,2021,1,서울
15602.4,2021,1,인천
14414.4,2021,1,경기
14038.2,2021,1,부산
15354.9,2021,1,대구
12906.3,2021,1,광주
10579.8,2021,1,대전
13787.4,2021,1,울산
12533.4,2021,1,세종
10355.4,2021,1,강원
8527.199999999999,2021,1,충북
9111.3,2021,1,충남
8708.699999999999,2021,1,전북
9329.1,2021,1,전남
10345.5,2021,1,경북
9860.4,2021,1,경남
17156.7,2021,1,제주
28182.0,2021,2,서울
15651.9,2021,2,인천
14460.6,2021,2,경기
14163.6,2021,2,부산
15328.5,2021,2,대구
13902.9,2021,2,광주
11358.6,2021,2,대전
13787.4,2021,2,울산
12533.4,2021,2,세종
10401.6,2021,2,강원
8606.4,2021,2,충북
9141.0,2021,2,충남
8718.6,2021,2,전북
9827.4,2021,2,전남
10107.9,2021,2,경북
10309.2,2021,2,경남
17156.7,2021,2,제주
28290.9,2021,3,서울
15717.9,2021,3,인천
14440.8,2021,3,경기
14163.6,2021,3,부산
15470.4,2021,3,대구
13919.4,2021,3,광주
11358.6,2021,3,대전
13965.6,2021,3,울산
12533.4,2021,3,세종
9576.6,2021,3,강원
8619.6,2021,3,충북
9124.5,2021,3,충남
8718.6,2021,3,전북
9909.9,2021,3,전남
10107.9,2021,3,경북
10404.9,2021,3,경남
23756.7,2021,3,제주
28135.8,2021,4,서울
15549.6,2021,4,인천
14364.9,2021,4,경기
14427.6,2021,4,부산
15536.4,2021,4,대구
13919.4,2021,4,광주
11484.0,2021,4,대전
14312.1,2021,4,울산
12533.4,2021,4,세종
9504.0,2021,4,강원
8586.6,2021,4,충북
9170.7,2021,4,충남
8761.5,2021,4,전북
9669.0,2021,4,전남
10190.4,2021,4,경북
10296.0,2021,4,경남
23756.7,2021,4,제주
28597.8,2021,5,서울
15189.9,2021,5,인천
13982.1,2021,5,경기
14579.4,2021,5,부산
15519.9,2021,5,대구
13978.8,2021,5,광주
12213.3,2021,5,대전
14586.0,2021,5,울산
12533.4,2021,5,세종
9454.5,2021,5,강원
8586.6,2021,5,충북
9177.3,2021,5,충남
8853.9,2021,5,전북
9659.1,2021,5,전남
9989.1,2021,5,경북
10197.0,2021,5,경남
24783.0,2021,5,제주
29142.3,2021,6,서울
14883.0,2021,6,인천
13797.3,2021,6,경기
14539.8,2021,6,부산
15496.8,2021,6,대구
14173.5,2021,6,광주
12196.8,2021,6,대전
14701.5,2021,6,울산
12533.4,2021,6,세종
9639.3,2021,6,강원
8669.1,2021,6,충북
9266.4,2021,6,충남
8814.3,2021,6,전북
10074.9,2021,6,전남
10061.7,2021,6,경북
10230.0,2021,6,경남
24783.0,2021,6,제주
30396.3,2021,7,서울
14859.9,2021,7,인천
13688.4,2021,7,경기
14493.6,2021,7,부산
15467.1,2021,7,대구
14163.6,2021,7,광주
12196.8,2021,7,대전
14747.7,2021,7,울산
12553.2,2021,7,세종
9253.2,2021,7,강원
8685.6,2021,7,충북
9345.6,2021,7,충남
8893.5,2021,7,전북
10249.8,2021,7,전남
10602.9,2021,7,경북
10665.6,2021,7,경남
27574.8,2021,7,제주
31346.7,2021,8,서울
14239.5,2021,8,인천
13747.8,2021,8,경기
14381.4,2021,8,부산
15536.4,2021,8,대구
14160.3,2021,8,광주
12196.8,2021,8,대전
14364.9,2021,8,울산
12553.2,2021,8,세종
9253.2,2021,8,강원
8698.8,2021,8,충북
9500.7,2021,8,충남
8877.0,2021,8,전북
10490.7,2021,8,전남
10602.9,2021,8,경북
10642.5,2021,8,경남
27574.8,2021,8,제주
31353.3,2021,9,서울
14239.5,2021,9,인천
13949.1,2021,9,경기
14381.4,2021,9,부산
15675.0,2021,9,대구
14315.4,2021,9,광주
12266.1,2021,9,대전
14199.9,2021,9,울산
12553.2,2021,9,세종
9428.1,2021,9,강원
8731.8,2021,9,충북
9543.6,2021,9,충남
8715.3,2021,9,전북
10487.4,2021,9,전남
10345.5,2021,9,경북
10873.5,2021,9,경남
27574.8,2021,9,제주
31884.6,2021,10,서울
14242.8,2021,10,인천
13866.6,2021,10,경기
14586.0,2021,10,부산
15582.6,2021,10,대구
14094.3,2021,10,광주
12351.9,2021,10,대전
14199.9,2021,10,울산
12767.7,2021,10,세종
9804.3,2021,10,강원
8731.8,2021,10,충북
9629.4,2021,10,충남
8860.5,2021,10,전북
9886.8,2021,10,전남
10332.3,2021,10,경북
10969.2,2021,10,경남
22638.0,2021,10,제주
32841.6,2021,11,서울
14704.8,2021,11,인천
14774.1,2021,11,경기
15226.2,2021,11,부산
15721.2,2021,11,대구
14180.1,2021,11,광주
12351.9,2021,11,대전
14199.9,2021,11,울산
12767.7,2021,11,세종
9929.7,2021,11,강원
8725.199999999999,2021,11,충북
9471.0,2021,11,충남
8976.0,2021,11,전북
9764.7,2021,11,전남
10434.6,2021,11,경북
10692.0,2021,11,경남
22638.0,2021,11,제주
32943.9,2021,12,서울
15018.3,2021,12,인천
14711.4,2021,12,경기
16767.3,2021,12,부산
16008.3,2021,12,대구
14536.5,2021,12,광주
12414.6,2021,12,대전
14447.4,2021,12,울산
12338.7,2021,12,세종
10002.3,2021,12,강원
9005.699999999999,2021,12,충북
9665.7,2021,12,충남
9164.1,2021,12,전북
9543.6,2021,12,전남
10880.1,2021,12,경북
10919.7,2021,12,경남
21694.2,2021,12,제주
31620.6,2022,1,서울
15265.8,2022,1,인천
15071.1,2022,1,경기
16945.5,2022,1,부산
15981.9,2022,1,대구
14576.1,2022,1,광주
13157.1,2022,1,대전
14671.8,2022,1,울산
11926.2,2022,1,세종
10002.3,2022,1,강원
9075.0,2022,1,충북
9834.0,2022,1,충남
9378.6,2022,1,전북
9890.1,2022,1,전남
10880.1,2022,1,경북
10936.2,2022,1,경남
21694.2,2022,1,제주
32396.1,2022,2,서울
15219.6,2022,2,인천
15724.5,2022,2,경기
17120.399999999998,2022,2,부산
16397.7,2022,2,대구
14572.8,2022,2,광주
13226.4,2022,2,대전
14671.8,2022,2,울산
11926.2,2022,2,세종
10131.0,2022,2,강원
9042.0,2022,2,충북
9837.3,2022,2,충남
9454.5,2022,2,전북
10124.4,2022,2,전남
11282.7,2022,2,경북
11048.4,2022,2,경남
21093.6,2022,2,제주
31835.1,2022,3,서울
15262.5,2022,3,인천
15793.8,2022,3,경기
16899.3,2022,3,부산
16424.1,2022,3,대구
14995.2,2022,3,광주
13226.4,2022,3,대전
15889.5,2022,3,울산
11926.2,2022,3,세종
10355.4,2022,3,강원
9028.8,2022,3,충북
10015.5,2022,3,충남
9434.7,2022,3,전북
10114.5,2022,3,전남
11282.7,2022,3,경북
11187.0,2022,3,경남
19239.0,2022,3,제주
32244.3,2022,4,서울
15671.7,2022,4,인천
15879.6,2022,4,경기
16899.3,2022,4,부산
16150.2,2022,4,대구
14995.2,2022,4,광주
13681.8,2022,4,대전
18225.9,2022,4,울산
11926.2,2022,4,세종
10503.9,2022,4,강원
9372.0,2022,4,충북
10041.9,2022,4,충남
9510.6,2022,4,전북
10233.3,2022,4,전남
11319.0,2022,4,경북
12021.9,2022,4,경남
19239.0,2022,4,제주
28215.0,2022,5,서울
15807.0,2022,5,인천
16031.4,2022,5,경기
17526.3,2022,5,부산
16047.9,2022,5,대구
14991.9,2022,5,광주
13714.8,2022,5,대전
18018.0,2022,5,울산
11926.2,2022,5,세종
10560.0,2022,5,강원
9682.2,2022,5,충북
10094.7,2022,5,충남
9537.0,2022,5,전북
10269.6,2022,5,전남
11738.1,2022,5,경북
12061.5,2022,5,경남
19239.0,2022,5,제주
28215.0,2022,6,서울
15899.4,2022,6,인천
16262.4,2022,6,경기
17938.8,2022,6,부산
16427.399999999998,2022,6,대구
15364.8,2022,6,광주
13761.0,2022,6,대전
17981.7,2022,6,울산
11926.2,2022,6,세종
10682.1,2022,6,강원
9876.9,2022,6,충북
10114.5,2022,6,충남
9989.1,2022,6,전북
10269.6,2022,6,전남
11639.1,2022,6,경북
11929.5,2022,6,경남
19239.0,2022,6,제주
28215.0,2022,7,서울
16331.7,2022,7,인천
16354.8,2022,7,경기
17991.6,2022,7,부산
16797.0,2022,7,대구
15397.8,2022,7,광주
13761.0,2022,7,대전
17981.7,2022,7,울산
10586.4,2022,7,세종
10725.0,2022,7,강원
9906.6,2022,7,충북
10213.5,2022,7,충남
9995.7,2022,7,전북
10256.4,2022,7,전남
11345.4,2022,7,경북
11969.1,2022,7,경남
19239.0,2022,7,제주
27300.9,2022,8,서울
17044.5,2022,8,인천
16579.2,2022,8,경기
17938.8,2022,8,부산
16780.5,2022,8,대구
15628.8,2022,8,광주
13761.0,2022,8,대전
17932.2,2022,8,울산
10586.4,2022,8,세종
10824.0,2022,8,강원
9903.3,2022,8,충북
10395.0,2022,8,충남
10104.6,2022,8,전북
10197.0,2022,8,전남
11447.7,2022,8,경북
11926.2,2022,8,경남
21542.4,2022,8,제주
28059.9,2022,9,서울
17123.7,2022,9,인천
17008.2,2022,9,경기
18011.399999999998,2022,9,부산
16764.0,2022,9,대구
15358.2,2022,9,광주
14289.0,2022,9,대전
17932.2,2022,9,울산
10586.4,2022,9,세종
10880.1,2022,9,강원
9985.8,2022,9,충북
10395.0,2022,9,충남
10190.4,2022,9,전북
10639.2,2022,9,전남
11949.3,2022,9,경북
11988.9,2022,9,경남
21542.4,2022,9,제주
28059.9,2022,10,서울
16602.3,2022,10,인천
17282.1,2022,10,경기
18470.1,2022,10,부산
16859.7,2022,10,대구
15589.2,2022,10,광주
15107.4,2022,10,대전
18123.6,2022,10,울산
10586.4,2022,10,세종
11398.2,2022,10,강원
9969.3,2022,10,충북
10919.7,2022,10,충남
10243.2,2022,10,전북
10659.0,2022,10,전남
12012.0,2022,10,경북
11889.9,2022,10,경남
22159.5,2022,10,제주
29835.3,2022,11,서울
16641.899999999998,2022,11,인천
16585.8,2022,11,경기
19823.1,2022,11,부산
16566.0,2022,11,대구
15684.9,2022,11,광주
15137.1,2022,11,대전
18932.1,2022,11,울산
10586.4,2022,11,세종
12398.1,2022,11,강원
9969.3,2022,11,충북
11051.7,2022,11,충남
10411.5,2022,11,전북
10718.4,2022,11,전남
12081.3,2022,11,경북
11863.5,2022,11,경남
22159.5,2022,11,제주
29779.2,2022,12,서울
16655.1,2022,12,인천
17169.899999999998,2022,12,경기
19456.8,2022,12,부산
16899.3,2022,12,대구
14625.6,2022,12,광주
15298.8,2022,12,대전
18321.6,2022,12,울산
12279.3,2022,12,세종
12688.5,2022,12,강원
10520.4,2022,12,충북
11035.2,2022,12,충남
10381.8,2022,12,전북
10596.3,2022,12,전남
12289.2,2022,12,경북
11860.2,2022,12,경남
22951.5,2022,12,제주
30630.6,2023,1,서울
16625.399999999998,2023,1,인천
17239.2,2023,1,경기
19456.8,2023,1,부산
16958.7,2023,1,대구
17268.899999999998,2023,1,광주
15440.7,2023,1,대전
18321.6,2023,1,울산
12279.3,2023,1,세종
12688.5,2023,1,강원
10520.4,2023,1,충북
11338.8,2023,1,충남
10381.8,2023,1,전북
10616.1,2023,1,전남
12516.9,2023,1,경북
11929.5,2023,1,경남
22951.5,2023,1,제주
30445.8,2023,2,서울
16288.8,2023,2,인천
17252.399999999998,2023,2,경기
19116.9,2023,2,부산
17087.399999999998,2023,2,대구
15275.7,2023,2,광주
15556.2,2023,2,대전
18321.6,2023,2,울산
12279.3,2023,2,세종
12688.5,2023,2,강원
10589.7,2023,2,충북
11738.1,2023,2,충남
10381.8,2023,2,전북
10946.1,2023,2,전남
12513.6,2023,2,경북
11823.9,2023,2,경남
22948.2,2023,2,제주
30624.0,2023,3,서울
16391.1,2023,3,인천
18202.8,2023,3,경기
19199.4,2023,3,부산
17087.399999999998,2023,3,대구
16651.8,2023,3,광주
15556.2,2023,3,대전
18423.9,2023,3,울산
12279.3,2023,3,세종
12939.3,2023,3,강원
10635.9,2023,3,충북
11738.1,2023,3,충남
10645.8,2023,3,전북
10942.8,2023,3,전남
12513.6,2023,3,경북
11962.5,2023,3,경남
23740.2,2023,3,제주
30643.8,2023,4,서울
16397.7,2023,4,인천
19133.4,2023,4,경기
19371.0,2023,4,부산
17087.399999999998,2023,4,대구
16651.8,2023,4,광주
16153.5,2023,4,대전
18423.9,2023,4,울산
12279.3,2023,4,세종
12969.0,2023,4,강원
10794.3,2023,4,충북
11748.0,2023,4,충남
10942.8,2023,4,전북
10939.5,2023,4,전남
12513.6,2023,4,경북
11936.1,2023,4,경남
23740.2,2023,4,제주
31066.2,2023,5,서울
16470.3,2023,5,인천
19163.1,2023,5,경기
20093.7,2023,5,부산
18047.7,2023,5,대구
18176.4,2023,5,광주
16153.5,2023,5,대전
17869.5,2023,5,울산
12279.3,2023,5,세종
12969.0,2023,5,강원
10546.8,2023,5,충북
11757.9,2023,5,충남
10942.8,2023,5,전북
11226.6,2023,5,전남
12305.7,2023,5,경북
11536.8,2023,5,경남
23740.2,2023,5,제주
31927.5,2023,6,서울
16460.399999999998,2023,6,인천
19364.4,2023,6,경기
20621.7,2023,6,부산
16968.6,2023,6,대구
18176.4,2023,6,광주
16278.9,2023,6,대전
17991.6,2023,6,울산
12279.3,2023,6,세종
12401.4,2023,6,강원
10609.5,2023,6,충북
11771.1,2023,6,충남
11124.3,2023,6,전북
11226.6,2023,6,전남
12639.0,2023,6,경북
11655.6,2023,6,경남
24175.8,2023,6,제주
31927.5,2023,7,서울
16064.4,2023,7,인천
19542.6,2023,7,경기
20687.7,2023,7,부산
16358.1,2023,7,대구
18146.7,2023,7,광주
16731.0,2023,7,대전
17991.6,2023,7,울산
12279.3,2023,7,세종
13365.0,2023,7,강원
10612.8,2023,7,충북
11784.3,2023,7,충남
11196.9,2023,7,전북
11394.9,2023,7,전남
12843.6,2023,7,경북
11279.4,2023,7,경남
24175.8,2023,7,제주
31795.5,2023,8,서울
16097.4,2023,8,인천
19572.3,2023,8,경기
21921.9,2023,8,부산
16688.1,2023,8,대구
18252.3,2023,8,광주
16731.0,2023,8,대전
18067.5,2023,8,울산
12279.3,2023,8,세종
13374.9,2023,8,강원
10725.0,2023,8,충북
11843.7,2023,8,충남
11596.2,2023,8,전북
12074.7,2023,8,전남
13318.8,2023,8,경북
11163.9,2023,8,경남
25551.9,2023,8,제주
32000.1,2023,9,서울
16100.7,2023,9,인천
19509.6,2023,9,경기
21921.9,2023,9,부산
16688.1,2023,9,대구
18011.399999999998,2023,9,광주
16731.0,2023,9,대전
17928.899999999998,2023,9,울산
12279.3,2023,9,세종
13724.7,2023,9,강원
10926.3,2023,9,충북
11853.6,2023,9,충남
11583.0,2023,9,전북
12031.8,2023,9,전남
13335.3,2023,9,경북
11622.6,2023,9,경남
25551.9,2023,9,제주
32155.2,2023,10,서울
16872.899999999998,2023,10,인천
19532.7,2023,10,경기
22182.6,2023,10,부산
17575.8,2023,10,대구
18011.399999999998,2023,10,광주
16361.4,2023,10,대전
17777.1,2023,10,울산
12279.3,2023,10,세종
14298.9,2023,10,강원
11203.5,2023,10,충북
11922.9,2023,10,충남
11559.9,2023,10,전북
12031.8,2023,10,전남
13335.3,2023,10,경북
12929.4,2023,10,경남
25743.3,2023,10,제주
34145.1,2023,11,서울
16816.8,2023,11,인천
21304.8,2023,11,경기
20691.0,2023,11,부산
17575.8,2023,11,대구
17998.2,2023,11,광주
16335.0,2023,11,대전
16698.0,2023,11,울산
12279.3,2023,11,세종
14487.0,2023,11,강원
11299.2,2023,11,충북
12767.7,2023,11,충남
11612.7,2023,11,전북
13401.3,2023,11,전남
13668.6,2023,11,경북
13919.4,2023,11,경남
25743.3,2023,11,제주
34947.0,2023,12,서울
16493.399999999998,2023,12,인천
21591.9,2023,12,경기
20691.0,2023,12,부산
17087.399999999998,2023,12,대구
18107.1,2023,12,광주
16160.1,2023,12,대전
16024.8,2023,12,울산
12279.3,2023,12,세종
14642.1,2023,12,강원
11540.1,2023,12,충북
12823.8,2023,12,충남
11612.7,2023,12,전북
13401.3,2023,12,전남
13190.1,2023,12,경북
13431.0,2023,12,경남
25743.3,2023,12,제주
37072.2,2024,1,서울
16453.8,2024,1,인천
21519.3,2024,1,경기
20691.0,2024,1,부산
23964.6,2024,1,대구
18532.8,2024,1,광주
16160.1,2024,1,대전
16024.8,2024,1,울산
17902.5,2024,1,세종
14642.1,2024,1,강원
11540.1,2024,1,충북
11932.8,2024,1,충남
11612.7,2024,1,전북
12417.9,2024,1,전남
13770.9,2024,1,경북
13431.0,2024,1,경남
25743.3,2024,1,제주
37808.1,2024,2,서울
18090.6,2024,2,인천
20892.3,2024,2,경기
20575.5,2024,2,부산
23964.6,2024,2,대구
19054.2,2024,2,광주
17216.1,2024,2,대전
16724.399999999998,2024,2,울산
17902.5,2024,2,세종
14642.1,2024,2,강원
11711.7,2024,2,충북
12064.8,2024,2,충남
12318.9,2024,2,전북
12147.3,2024,2,전남
13784.1,2024,2,경북
13840.2,2024,2,경남
24773.1,2024,2,제주
37943.4,2024,3,서울
18117.0,2024,3,인천
20895.6,2024,3,경기
20575.5,2024,3,부산
30600.9,2024,3,대구
18885.9,2024,3,광주
17351.399999999998,2024,3,대전
16711.2,2024,3,울산
17902.5,2024,3,세종
14642.1,2024,3,강원
12592.8,2024,3,충북
12064.8,2024,3,충남
12487.2,2024,3,전북
12147.3,2024,3,전남
13784.1,2024,3,경북
13840.2,2024,3,경남
24773.1,2024,3,제주
38841.0,2024,4,서울
18189.6,2024,4,인천
21083.7,2024,4,경기
20116.8,2024,4,부산
30600.9,2024,4,대구
18885.9,2024,4,광주
18767.1,2024,4,대전
16942.2,2024,4,울산
17902.5,2024,4,세종
14777.4,2024,4,강원
12962.4,2024,4,충북
12117.6,2024,4,충남
12226.5,2024,4,전북
12147.3,2024,4,전남
13784.1,2024,4,경북
13840.2,2024,4,경남
24773.1,2024,4,제주
38629.8,2024,5,서울
18239.1,2024,5,인천
20908.8,2024,5,경기
20859.3,2024,5,부산
23964.6,2024,5,대구
18054.3,2024,5,광주
18767.1,2024,5,대전
18222.6,2024,5,울산
17902.5,2024,5,세종
14774.1,2024,5,강원
12962.4,2024,5,충북
11893.2,2024,5,충남
12134.1,2024,5,전북
12147.3,2024,5,전남
13784.1,2024,5,경북
14176.8,2024,5,경남
24773.1,2024,5,제주
41830.8,2024,6,서울
17744.1,2024,6,인천
21473.1,2024,6,경기
21331.2,2024,6,부산
23964.6,2024,6,대구
18054.3,2024,6,광주
17899.2,2024,6,대전
18126.9,2024,6,울산
17902.5,2024,6,세종
15077.7,2024,6,강원
13011.9,2024,6,충북
11893.2,2024,6,충남
12028.5,2024,6,전북
13101.0,2024,6,전남
13784.1,2024,6,경북
14543.1,2024,6,경남
24142.8,2024,6,제주
43939.5,2024,7,서울
17754.0,2024,7,인천
21377.4,2024,7,경기
22555.5,2024,7,부산
23964.6,2024,7,대구
18222.6,2024,7,광주
17592.3,2024,7,대전
18136.8,2024,7,울산
17902.5,2024,7,세종
15120.6,2024,7,강원
13011.9,2024,7,충북
11893.2,2024,7,충남
12028.5,2024,7,전북
13101.0,2024,7,전남
13827.0,2024,7,경북
13308.9,2024,7,경남
24142.8,2024,7,제주
43041.9,2024,8,서울
17948.7,2024,8,인천
21248.7,2024,8,경기
22304.7,2024,8,부산
23964.6,2024,8,대구
18328.2,2024,8,광주
17592.3,2024,8,대전
17889.3,2024,8,울산
17902.5,2024,8,세종
15120.6,2024,8,강원
13011.9,2024,8,충북
11899.8,2024,8,충남
12058.2,2024,8,전북
13120.8,2024,8,전남
13827.0,2024,8,경북
13252.8,2024,8,경남
25419.9,2024,8,제주
44163.9,2024,9,서울
17862.899999999998,2024,9,인천
21615.0,2024,9,경기
21450.0,2024,9,부산
22106.7,2024,9,대구
18635.1,2024,9,광주
17592.3,2024,9,대전
17991.6,2024,9,울산
17902.5,2024,9,세종
14968.8,2024,9,강원
14813.7,2024,9,충북
11899.8,2024,9,충남
12058.2,2024,9,전북
12500.4,2024,9,전남
14183.4,2024,9,경북
13252.8,2024,9,경남
25419.9,2024,9,제주
46869.9,2024,10,서울
18598.8,2024,10,인천
21733.8,2024,10,경기
21865.8,2024,10,부산
22106.7,2024,10,대구
18635.1,2024,10,광주
17608.8,2024,10,대전
17470.2,2024,10,울산
17902.5,2024,10,세종
14701.5,2024,10,강원
14813.7,2024,10,충북
12150.6,2024,10,충남
12012.0,2024,10,전북
12500.4,2024,10,전남
14183.4,2024,10,경북
13374.9,2024,10,경남
25419.9,2024,10,제주
47124.0,2024,11,서울
18608.7,2024,11,인천
21298.2,2024,11,경기
22595.1,2024,11,부산
22106.7,2024,11,대구
18635.1,2024,11,광주
17645.1,2024,11,대전
17470.2,2024,11,울산
17902.5,2024,11,세종
14628.9,2024,11,강원
14836.8,2024,11,충북
11754.6,2024,11,충남
12160.5,2024,11,전북
12500.4,2024,11,전남
14556.3,2024,11,경북
13374.9,2024,11,경남
25419.9,2024,11,제주
44012.1,2024,12,서울
18668.1,2024,12,인천
21575.4,2024,12,경기
22113.3,2024,12,부산
22126.5,2024,12,대구
18697.8,2024,12,광주
17664.899999999998,2024,12,대전
17539.5,2024,12,울산
17902.5,2024,12,세종
14533.2,2024,12,강원
14873.1,2024,12,충북
12180.3,2024,12,충남
12160.5,2024,12,전북
12361.8,2024,12,전남
15133.8,2024,12,경북
13724.7,2024,12,경남
25419.9,2024,12,제주
44055.0,2025,1,서울
18668.1,2025,1,인천
21572.1,2025,1,경기
22113.3,2025,1,부산
22126.5,2025,1,대구
18697.8,2025,1,광주
17664.899999999998,2025,1,대전
17740.8,2025,1,울산
17902.5,2025,1,세종
14533.2,2025,1,강원
14873.1,2025,1,충북
13170.3,2025,1,충남
12173.7,2025,1,전북
13506.9,2025,1,전남
14648.7,2025,1,경북
13724.7,2025,1,경남
25419.9,2025,1,제주
44206.8,2025,2,서울
18625.2,2025,2,인천
21628.2,2025,2,경기
22077.0,2025,2,부산
22152.9,2025,2,대구
19809.9,2025,2,광주
17707.8,2025,2,대전
17602.2,2025,2,울산
17902.5,2025,2,세종
14533.2,2025,2,강원
14569.5,2025,2,충북
13338.6,2025,2,충남
12101.1,2025,2,전북
13506.9,2025,2,전남
13998.6,2025,2,경북
13434.3,2025,2,경남
26083.2,2025,2,제주
44206.8,2025,3,서울
18621.9,2025,3,인천
22143.0,2025,3,경기
22093.5,2025,3,부산
19338.0,2025,3,대구
17133.6,2025,3,광주
17701.2,2025,3,대전
17602.2,2025,3,울산
17902.5,2025,3,세종
14698.2,2025,3,강원
14572.8,2025,3,충북
13338.6,2025,3,충남
12101.1,2025,3,전북
13506.9,2025,3,전남
14889.6,2025,3,경북
14962.2,2025,3,경남
26083.2,2025,3,제주
45417.9,2025,4,서울
18819.9,2025,4,인천
22407.0,2025,4,경기
21908.7,2025,4,부산
19338.0,2025,4,대구
17133.6,2025,4,광주
17582.399999999998,2025,4,대전
17582.399999999998,2025,4,울산
17902.5,2025,4,세종
14569.5,2025,4,강원
14628.9,2025,4,충북
13437.6,2025,4,충남
12556.5,2025,4,전북
13506.9,2025,4,전남
15034.8,2025,4,경북
14962.2,2025,4,경남
26083.2,2025,4,제주
45602.7,2025,5,서울
18819.9,2025,5,인천
21796.5,2025,5,경기
21888.9,2025,5,부산
20275.2,2025,5,대구
17935.5,2025,5,광주
17582.399999999998,2025,5,대전
17226.0,2025,5,울산
17902.5,2025,5,세종
14153.7,2025,5,강원
14628.9,2025,5,충북
14308.8,2025,5,충남
12738.0,2025,5,전북
13312.2,2025,5,전남
15034.8,2025,5,경북
13332.0,2025,5,경남
26083.2,2025,5,제주
45998.7,2025,6,서울
19387.5,2025,6,인천
21918.6,2025,6,경기
21182.7,2025,6,부산
26297.7,2025,6,대구
17417.399999999998,2025,6,광주
19192.8,2025,6,대전
17315.1,2025,6,울산
17902.5,2025,6,세종
14480.4,2025,6,강원
14955.6,2025,6,충북
14107.5,2025,6,충남
12738.0,2025,6,전북
12629.1,2025,6,전남
15034.8,2025,6,경북
14048.1,2025,6,경남
26083.2,2025,6,제주
45358.5,2025,7,서울
19476.6,2025,7,인천
22228.8,2025,7,경기
25089.9,2025,7,부산
26297.7,2025,7,대구
17717.7,2025,7,광주
19258.8,2025,7,대전
17470.2,2025,7,울산
17902.5,2025,7,세종
14378.1,2025,7,강원
15180.0,2025,7,충북
14001.9,2025,7,충남
12648.9,2025,7,전북
12629.1,2025,7,전남
14850.0,2025,7,경북
14440.8,2025,7,경남
26083.2,2025,7,제주
46761.0,2025,8,서울
18159.9,2025,8,인천
22377.3,2025,8,경기
25089.9,2025,8,부산
26297.7,2025,8,대구
17968.5,2025,8,광주
19258.8,2025,8,대전
17866.2,2025,8,울산
17902.5,2025,8,세종
14589.3,2025,8,강원
14919.3,2025,8,충북
14018.4,2025,8,충남
12648.9,2025,8,전북
12629.1,2025,8,전남
14850.0,2025,8,경북
14708.1,2025,8,경남
26083.2,2025,8,제주
45470.7,2025,9,서울
18301.8,2025,9,인천
22522.5,2025,9,경기
25103.1,2025,9,부산
30251.1,2025,9,대구
17968.5,2025,9,광주
19258.8,2025,9,대전
17760.6,2025,9,울산
17902.5,2025,9,세종
14668.5,2025,9,강원
14856.6,2025,9,충북
13995.3,2025,9,충남
12648.9,2025,9,전북
12648.9,2025,9,전남
13774.2,2025,9,경북
14708.1,2025,9,경남
26083.2,2025,9,제주
46945.8,2025,10,서울
18348.0,2025,10,인천
25218.6,2025,10,경기
25271.4,2025,10,부산
30251.1,2025,10,대구
17968.5,2025,10,광주
20077.2,2025,10,대전
18833.1,2025,10,울산
17902.5,2025,10,세종
15189.9,2025,10,강원
14899.5,2025,10,충북
14107.5,2025,10,충남
13490.4,2025,10,전북
12540.0,2025,10,전남
13675.2,2025,10,경북
14813.7,2025,10,경남
26083.2,2025,10,제주
50348.1,2025,11,서울
18562.5,2025,11,인천
23779.8,2025,11,경기
25271.4,2025,11,부산
30251.1,2025,11,대구
17968.5,2025,11,광주
19136.7,2025,11,대전
18664.8,2025,11,울산
17928.899999999998,2025,11,세종
15189.9,2025,11,강원
14958.9,2025,11,충북
14031.6,2025,11,충남
12945.9,2025,11,전북
12540.0,2025,11,전남
13675.2,2025,11,경북
14889.6,2025,11,경남
26083.2,2025,11,제주
52602.0,2025,12,서울
19839.6,2025,12,인천
24004.2,2025,12,경기
26159.1,2025,12,부산
30244.5,2025,12,대구
17968.5,2025,12,광주
16800.3,2025,12,대전
19512.9,2025,12,울산
17968.5,2025,12,세종
15189.9,2025,12,강원
14958.9,2025,12,충북
14424.3,2025,12,충남
12731.4,2025,12,전북
12091.2,2025,12,전남
13681.8,2025,12,경북
14883.0,2025,12,경남
26083.2,2025,12,제주
52644.9,2026,1,서울
19836.3,2026,1,인천
24106.5,2026,1,경기
26050.2,2026,1,부산
30244.5,2026,1,대구
18971.7,2026,1,광주
17292.0,2026,1,대전
19575.6,2026,1,울산
17968.5,2026,1,세종
15189.9,2026,1,강원
14958.9,2026,1,충북
14424.3,2026,1,충남
12744.6,2026,1,전북
12210.0,2026,1,전남
13952.4,2026,1,경북
14883.0,2026,1,경남
14760.9,2026,1,제주
20034.3,2026,2,서울
52545.9,2026,2,인천
19836.3,2026,2,경기
32171.7,2026,2,부산
26555.1,2026,2,대구
30158.7,2026,2,광주
19311.6,2026,2,대전
17292.0,2026,2,울산
19625.1,2026,2,세종
21819.6,2026,2,강원
15189.9,2026,2,충북
14958.9,2026,2,충남
14424.3,2026,2,전북
12744.6,2026,2,전남
12210.0,2026,2,경북
14005.2,2026,2,경남
14883.0,2026,2,제주
54799.8,2026,3,서울
19866.0,2026,3,인천
24390.3,2026,3,경기
26584.8,2026,3,부산
29861.7,2026,3,대구
19311.6,2026,3,광주
17206.2,2026,3,대전
19625.1,2026,3,울산
17968.5,2026,3,세종
14648.7,2026,3,강원
14727.9,2026,3,충북
14470.5,2026,3,충남
12744.6,2026,3,전북
13071.3,2026,3,전남
13536.6,2026,3,경북
15411.0,2026,3,경남
14760.9,2026,3,제주
58281.3,2026,4,서울
21090.3,2026,4,인천
24753.3,2026,4,경기
26822.4,2026,4,부산
29861.7,2026,4,대구
19311.6,2026,4,광주
18734.1,2026,4,대전
19390.8,2026,4,울산
17968.5,2026,4,세종
14836.8,2026,4,강원
14972.1,2026,4,충북
14176.8,2026,4,충남
12714.9,2026,4,전북
12576.3,2026,4,전남
13549.8,2026,4,경북
15450.6,2026,4,경남
14760.9,2026,4,제주
63439.2,2026,5,서울
21090.3,2026,5,인천
25172.4,2026,5,경기
26248.2,2026,5,부산
37745.4,2026,5,대구
20456.7,2026,5,광주
18734.1,2026,5,대전
19390.8,2026,5,울산
17968.5,2026,5,세종
14883.0,2026,5,강원
14978.7,2026,5,충북
14176.8,2026,5,충남
12714.9,2026,5,전북
12490.5,2026,5,전남
13549.8,2026,5,경북
15450.6,2026,5,경남
14760.9,2026,5,제주
