title,link,thumbnail,sizeheight,sizewidth
넌센스잇 논페이드 데님셔츠 생지데님 오버핏 청남방 데님자켓 점프수트,http://shopping.phinf.naver.net/main_5337646/53376469522.20250305194756.jpg,https://search.pstatic.net/common/?type=b150&src=http%3A%2F%2Fshopping.phinf.naver.net%2Fmain_5337646%2F53376469522.20250305194756.jpg,500,500
[맨즈해시태그] 남자데님셔츠 청남방 흑청셔츠 셋업,https://image.brandi.co.kr/cproductdetail/2023/09/22/3538056b327fbc41f2ec9b48b95ccfb1.jpg,https://search.pstatic.net/sunny/?type=b150&src=https%3A%2F%2Fimage.brandi.co.kr%2Fcproductdetail%2F2023%2F09%2F22%2F3538056b327fbc41f2ec9b48b95ccfb1.jpg,1000,1000
벤티 오버 스티치 데님셔츠 3color : 맨즈피플-,https://shop-phinf.pstatic.net/20240101_109/1704093017672nES6e_JPEG/14986697969773051_1274188646.jpeg,https://search.pstatic.net/common/?type=b150&src=https%3A%2F%2Fshop-phinf.pstatic.net%2F20240101_109%2F1704093017672nES6e_JPEG%2F14986697969773051_1274188646.jpeg,1000,1000
프리컷 두꺼운 트윌 데님 지방 쿼터 퀼트 사각형 모음 18 x22 -6피스 6pcs : 브이에스컴퍼니,https://shop-phinf.pstatic.net/20260331_214/1774961168323EH1ur_JPEG/44893566142766011_1681571562.jpg,https://search.pstatic.net/common/?type=b150&src=https%3A%2F%2Fshop-phinf.pstatic.net%2F20260331_214%2F1774961168323EH1ur_JPEG%2F44893566142766011_1681571562.jpg,600,600
[강한나착용/26신상] 셔츠카라 데님 플레어 원피스 (SMOKC2511) : SI 공식 스토어,https://shop-phinf.pstatic.net/20260202_289/1770011841837x1ghM_JPEG/32994177924368622_840475963.jpg,https://search.pstatic.net/common/?type=b150&src=https%3A%2F%2Fshop-phinf.pstatic.net%2F20260202_289%2F1770011841837x1ghM_JPEG%2F32994177924368622_840475963.jpg,900,900
Calvin Klein 프린지 헴 데님 쇼츠 | 블루 | FARFETCH KR,https://cdn-images.farfetch-contents.com/36/41/96/23/36419623_68260891_1000.jpg,https://search.pstatic.net/sunny/?type=b150&src=https%3A%2F%2Fcdn-images.farfetch-contents.com%2F36%2F41%2F96%2F23%2F36419623_68260891_1000.jpg,1334,1000
[USED] 리버클래시(LIBERCLASSY) 청/데님 팬츠 85 - 사이즈 & 후기 | 무신사,https://image.msscdn.net/thumbnails/images/prd_img/20260304/6076027/detail_6076027_17727649365455_big.jpg?w=1200,https://search.pstatic.net/sunny/?type=b150&src=https%3A%2F%2Fimage.msscdn.net%2Fthumbnails%2Fimages%2Fprd_img%2F20260304%2F6076027%2Fdetail_6076027_17727649365455_big.jpg%3Fw%3D1200,1440,1200
컬리수 쿨10부 데님팬츠 C212DNG51P,http://shopping.phinf.naver.net/main_5975012/59750123552.20260628072632.jpg,https://search.pstatic.net/common/?type=b150&src=http%3A%2F%2Fshopping.phinf.naver.net%2Fmain_5975012%2F59750123552.20260628072632.jpg,1000,1000
언탭트 스튜디오(UNTAPPED STUDIO) [2PACK]빈티지 워시드 와이드 데님팬츠 3Color - 사이즈 & 후기 | 무신사,https://image.msscdn.net/thumbnails/images/prd_img/20260121/5918822/detail_5918822_17700186185458_big.jpg?w=1200,https://search.pstatic.net/sunny/?type=b150&src=https%3A%2F%2Fimage.msscdn.net%2Fthumbnails%2Fimages%2Fprd_img%2F20260121%2F5918822%2Fdetail_5918822_17700186185458_big.jpg%3Fw%3D1200,1440,1200
리틀그라운드 데님인더박스(DM) 레터링데님조끼 : 사라다쇼핑,http://shop1.phinf.naver.net/20260617_69/1781702001624jE44m_JPEG/14525612581453204_315182198.jpg,https://search.pstatic.net/common/?type=b150&src=http%3A%2F%2Fshop1.phinf.naver.net%2F20260617_69%2F1781702001624jE44m_JPEG%2F14525612581453204_315182198.jpg,750,750
워싱데님팬츠_VB44DLQ301T,https://images.sejungglobal.com/sejung/VANAKE/VB44DLQ301T/VB44DLQ301T_61.jpg,https://search.pstatic.net/sunny/?type=b150&src=https%3A%2F%2Fimages.sejungglobal.com%2Fsejung%2FVANAKE%2FVB44DLQ301T%2FVB44DLQ301T_61.jpg,1000,1000
뮤 썸머 슬럽 배색 워싱 와이드 데님 팬츠 L,http://shopping.phinf.naver.net/main_5070450/50704504880.20241006171118.jpg,https://search.pstatic.net/common/?type=b150&src=http%3A%2F%2Fshopping.phinf.naver.net%2Fmain_5070450%2F50704504880.20241006171118.jpg,1000,1000
[잇미샤](신세계 사우스시티)소프트 워싱 데님 셔츠 ITQ5YDB560 : 신세계백화점,https://shop-phinf.pstatic.net/20250707_169/1751857417425xrxrO_JPEG/14256266363711336_92995438.jpg,https://search.pstatic.net/common/?type=b150&src=https%3A%2F%2Fshop-phinf.pstatic.net%2F20250707_169%2F1751857417425xrxrO_JPEG%2F14256266363711336_92995438.jpg,500,500
[JAJU/자주] 여 스트레이트 데님 팬츠_네이비 : 자주 JAJU,https://shop-phinf.pstatic.net/20241219_252/1734573594012L2MkP_JPEG/15915611327322116_1447692555.jpg,https://search.pstatic.net/common/?type=b150&src=https%3A%2F%2Fshop-phinf.pstatic.net%2F20241219_252%2F1734573594012L2MkP_JPEG%2F15915611327322116_1447692555.jpg,1000,1000
[킨록바이킨록앤더슨](신세계 사우스시티)스트레이트 데님 팬츠 3종 택1 : 신세계백화점,https://shop-phinf.pstatic.net/20240723_67/1721700254833lvJCW_PNG/51115296832983057_46437271.png,https://search.pstatic.net/common/?type=b150&src=https%3A%2F%2Fshop-phinf.pstatic.net%2F20240723_67%2F1721700254833lvJCW_PNG%2F51115296832983057_46437271.png,500,500
[르스튜디오]투 포켓 데님 셔츠 (DBL) : 르 스튜디오,https://shop-phinf.pstatic.net/20260225_246/1771987721639bkJKn_JPEG/9929887638929634_42469325.jpg,https://search.pstatic.net/common/?type=b150&src=https%3A%2F%2Fshop-phinf.pstatic.net%2F20260225_246%2F1771987721639bkJKn_JPEG%2F9929887638929634_42469325.jpg,1000,1000
GGPX 백 밴딩 버뮤다 데님 팬츠,http://shopping.phinf.naver.net/main_6005591/60055915616.20260624071436.jpg,https://search.pstatic.net/common/?type=b150&src=http%3A%2F%2Fshopping.phinf.naver.net%2Fmain_6005591%2F60055915616.20260624071436.jpg,1000,1000
엘무드 우먼 (lmoodwomen) 맥시 와이드 데님 워시드 블랙 사진 후기... 후기 모아보기 - 엘무드 우먼 (lmoodwomen) 맥시 와이드 데님 워시드 블랙,https://image.msscdn.net/images/goods_img/20250108/4705493/4705493_17433992622860_500.jpg,https://search.pstatic.net/sunny/?type=b150&src=https%3A%2F%2Fimage.msscdn.net%2Fimages%2Fgoods_img%2F20250108%2F4705493%2F4705493_17433992622860_500.jpg,600,500
라이트 와이드 반밴딩 데님 2color : 르모드-LEMODE,http://shop1.phinf.naver.net/20240216_177/1708056906131TYqHU_JPEG/4313056985633663_1550675268.jpeg,https://search.pstatic.net/common/?type=b150&src=http%3A%2F%2Fshop1.phinf.naver.net%2F20240216_177%2F1708056906131TYqHU_JPEG%2F4313056985633663_1550675268.jpeg,1000,1000
아웃 포켓 데님 셔츠(컴포트핏)_AHSAM25021IND : Henry Cottons,https://shop-phinf.pstatic.net/20250219_128/1739952835356Sundb_JPEG/44380900645085146_1888750061.jpg,https://search.pstatic.net/common/?type=b150&src=https%3A%2F%2Fshop-phinf.pstatic.net%2F20250219_128%2F1739952835356Sundb_JPEG%2F44380900645085146_1888750061.jpg,1000,1000
